발생년,발생년월일시,발생분,주야,요일,사망자수,사상자수,중상자수,경상자수,부상신고자수,발생지시도,발생지시군구,사고유형_대분류,사고유형_중분류,사고유형,법규위반_대분류,법규위반,도로형태_대분류,도로형태,당사자종별_1당_대분류,당사자종별_1당,당사자종별_2당_대분류,당사자종별_2당,발생위치X_UTMK,발생위치Y_UTMK,경도,위도
2016,2016040912,55,주간,토,1,1,0,0,0,경남,합천군,차대차,측면직각충돌,측면직각충돌,운전자법규위반,교차로 통행방법 위반,교차로,교차로내,원동기장치자전거,원동기장치자전거,승용차,소형,1056476 ,1730056 ,128.12321328,35.56491007
2016,2016040920,13,야간,토,1,1,0,0,0,충북,청주시,차대사람,횡단중,횡단중,운전자법규위반,안전운전 의무 불이행,단일로,기타단일로,승용차,경형,보행자,보행자,1000676 ,1843474 ,127.50755708,36.58907761
2016,2016041404,55,야간,목,1,1,0,0,0,전남,진도군,차대차,기타,기타,운전자법규위반,중앙선 침범,단일로,기타단일로,화물차,소형,화물차,소형,888127  ,1600761 ,126.28294671,34.39455418
2016,2016041211,20,주간,화,1,3,0,2,0,충북,청주시,차대차,추돌,진행중 추돌,운전자법규위반,과속,단일로,기타단일로,화물차,중형,화물차,소형,994869  ,1844908 ,127.44263044,36.60199162
2016,2016041222,10,야간,화,2,6,4,0,0,충북,충주시,차대차,기타,기타,운전자법규위반,안전운전 의무 불이행,단일로,기타단일로,화물차,중형,승용차,대형,1041624 ,1899553 ,127.9682078,37.09341052
2016,2016041720,50,야간,일,1,1,0,0,0,경기,용인시,차대사람,기타,기타,운전자법규위반,안전운전 의무 불이행,단일로,기타단일로,승합차,대형,보행자,보행자,974214  ,1914883 ,127.2093048,37.23244216
2016,2016041619,00,야간,토,1,1,0,0,0,경북,예천군,차량단독,전도전복,전도전복,운전자법규위반,안전운전 의무 불이행,단일로,기타단일로,이륜차,소형,,,1088718 ,1856577 ,128.49323622,36.70305753
2016,2016041615,43,주간,토,1,3,2,0,0,부산,북구,차량단독,공작물충돌,공작물충돌,운전자법규위반,안전운전 의무 불이행,단일로,기타단일로,승용차,중형,,,1139636 ,1691567 ,129.03408741,35.20974642
2016,2016042212,55,주간,금,1,1,0,0,0,전남,여수시,차대사람,횡단중,횡단중,운전자법규위반,보행자 보호의무 위반,단일로,기타단일로,승용차,중형,보행자,보행자,1019224 ,1636767 ,127.70997027,34.72513214
2016,2016041919,25,야간,화,1,1,0,0,0,인천,남구,차대사람,기타,기타,운전자법규위반,안전운전 의무 불이행,교차로,교차로부근,승용차,중형,보행자,보행자,925781  ,1939917 ,126.66083021,37.45547347
2016,2016042616,00,주간,화,1,1,0,0,0,충남,부여군,차대차,추돌,진행중 추돌,운전자법규위반,안전운전 의무 불이행,단일로,기타단일로,화물차,소형,화물차,소형,939600  ,1814281 ,126.8270805,36.32400136
2016,2016042422,50,야간,일,1,5,2,2,0,충남,서산시,차대차,정면충돌,정면충돌,운전자법규위반,중앙선 침범,단일로,기타단일로,승용차,경형,승용차,중형,905034  ,1864009 ,126.43590107,36.76944011
2016,2016042517,20,주간,월,1,1,0,0,0,충남,논산시,차량단독,전도전복,전도전복,운전자법규위반,안전운전 의무 불이행,단일로,기타단일로,이륜차,사발이,,,961338  ,1797259 ,127.07009813,36.17166075
2016,2016042401,24,야간,일,1,1,0,0,0,경기,부천시,차대사람,횡단중,횡단중,운전자법규위반,안전운전 의무 불이행,교차로,교차로부근,승용차,중형,보행자,보행자,939200  ,1943028 ,126.81228648,37.48449306
2016,2016042300,00,야간,토,1,1,0,0,0,전남,순천시,차량단독,공작물충돌,공작물충돌,운전자법규위반,안전운전 의무 불이행,단일로,기타단일로,승합차,소형,,,985636  ,1652514 ,127.34284268,34.86721395
2016,2016042914,58,주간,금,1,1,0,0,0,충북,괴산군,차대사람,차도통행중,차도통행중,운전자법규위반,안전운전 의무 불이행,교차로,교차로내,승용차,소형,보행자,보행자,1026083 ,1868010 ,127.79241955,36.80990759
2016,2016050222,40,야간,월,1,1,0,0,0,충남,천안시,차대사람,보도통행중,보도통행중,운전자법규위반,과속,교차로,교차로내,승합차,대형,보행자,보행자,968250  ,1869487 ,127.14398641,36.82304887
2016,2016050207,00,주간,월,1,1,0,0,0,서울,성동구,차대사람,기타,기타,운전자법규위반,안전운전 의무 불이행,교차로,교차로내,화물차,소형,보행자,보행자,959073  ,1951952 ,127.03656586,37.56602262
2016,2016043020,33,야간,토,1,1,0,0,0,전북,순창군,차대사람,차도통행중,차도통행중,운전자법규위반,안전운전 의무 불이행,단일로,기타단일로,승용차,소형,보행자,보행자,965920  ,1720775 ,127.12431071,35.48225249
2016,2016041109,00,주간,월,1,1,0,0,0,대구,북구,차대차,측면직각충돌,측면직각충돌,운전자법규위반,안전운전 의무 불이행,단일로,기타단일로,승용차,중형,자전거,자전거,1094835 ,1771139 ,128.55100212,35.93237337
2016,2016041414,30,주간,목,1,1,0,0,0,광주,광산구,차량단독,전도전복,전도전복,운전자법규위반,안전운전 의무 불이행,단일로,기타단일로,이륜차,중형,,,929902  ,1684545 ,126.73038256,35.15370826
2016,2016041318,15,야간,수,1,1,0,0,0,경남,양산시,차대차,정면충돌,정면충돌,운전자법규위반,중앙선 침범,단일로,기타단일로,승용차,중형,승합차,경형,1134437 ,1704222 ,128.97906424,35.32453363
2016,2016041207,00,주간,화,1,1,0,0,0,경북,안동시,차량단독,전도전복,전도전복,운전자법규위반,안전운전 의무 불이행,단일로,기타단일로,이륜차,소형,,,1113639 ,1857988 ,128.77239169,36.71312014
2016,2016041901,40,야간,화,2,5,2,1,0,경기,포천시,차대차,추돌,진행중 추돌,운전자법규위반,안전운전 의무 불이행,단일로,기타단일로,승용차,중형,화물차,중형,974693  ,1986989 ,127.21221594,37.88238024
2016,2016042520,25,야간,월,1,1,0,0,0,전남,구례군,차량단독,전도전복,전도전복,운전자법규위반,안전운전 의무 불이행,단일로,기타단일로,화물차,소형,,,1010820 ,1686894 ,127.61883002,35.17727572
2016,2016042700,43,야간,수,1,1,0,0,0,경기,포천시,차대사람,기타,기타,운전자법규위반,안전운전 의무 불이행,단일로,기타단일로,승용차,중형,보행자,보행자,971799  ,1978688 ,127.17963047,37.8074783
2016,2016042806,35,주간,목,1,2,0,1,0,전북,고창군,차대차,정면충돌,정면충돌,운전자법규위반,중앙선 침범,단일로,기타단일로,화물차,대형,화물차,소형,917710  ,1726645 ,126.59230259,35.53234933
2016,2016050115,30,주간,일,1,1,0,0,0,충남,서산시,차대차,정면충돌,정면충돌,운전자법규위반,안전운전 의무 불이행,단일로,기타단일로,승용차,소형,농기계,농기계,911531  ,1861395 ,126.5089932,36.74650778
2016,2016040515,56,주간,화,1,1,0,0,0,대구,달서구,차대사람,횡단중,횡단중,운전자법규위반,보행자 보호의무 위반,교차로,교차로내,승용차,경형,보행자,보행자,1093427 ,1759133 ,128.53445221,35.82387298
2016,2016040518,19,야간,화,1,1,0,0,0,경기,광명시,차대차,측면직각충돌,측면직각충돌,운전자법규위반,안전운전 의무 불이행,교차로,교차로내,특수차,경형,이륜차,소형,941045  ,1940712 ,126.83333954,37.46373836
2016,2016040923,20,야간,토,1,1,0,0,0,충북,충주시,차대사람,기타,기타,운전자법규위반,안전운전 의무 불이행,단일로,기타단일로,승용차,중형,보행자,보행자,1038896 ,1891238 ,127.93734923,37.01887124
2016,2016070615,11,주간,수,1,1,0,0,0,전북,정읍시,차량단독,전도전복,전도전복,운전자법규위반,안전운전 의무 불이행,교차로,교차로부근,이륜차,사발이,,,944974  ,1734420 ,126.89248955,35.6043378
2016,2016072022,00,야간,수,1,1,0,0,0,경기,포천시,차대차,기타,기타,운전자법규위반,안전운전 의무 불이행,단일로,기타단일로,화물차,중형,자전거,자전거,974761  ,1986816 ,127.21299526,37.88082288
2016,2016072121,00,야간,목,1,1,0,0,0,경기,성남시,차량단독,도로이탈,도로이탈 추락,운전자법규위반,안전운전 의무 불이행,기타/불명,기타/불명,자전거,자전거,,,966270  ,1937098 ,127.1187401,37.43242835
2016,2016060816,05,주간,수,1,1,0,0,0,서울,구로구,차대사람,기타,기타,운전자법규위반,안전운전 의무 불이행,단일로,기타단일로,화물차,경형,보행자,보행자,942046  ,1944262 ,126.84437862,37.4957982
2016,2016060614,29,주간,월,1,1,0,0,0,전남,순천시,차대차,측면직각충돌,측면직각충돌,운전자법규위반,안전운전 의무 불이행,교차로,교차로부근,승용차,중형,자전거,자전거,972844  ,1677526 ,127.20207021,35.09249449
2016,2016060714,16,주간,화,1,2,1,0,0,세종,세종,차대차,측면직각충돌,측면직각충돌,운전자법규위반,교차로 통행방법 위반,교차로,교차로부근,이륜차,소형,건설기계,건설기계,972380  ,1851766 ,127.19093676,36.66342921
2016,2016061621,00,야간,목,1,1,0,0,0,서울,서대문구,차대사람,횡단중,횡단중,운전자법규위반,안전운전 의무 불이행,단일로,횡단보도부근,승용차,대형,보행자,보행자,947617  ,1953004 ,126.90677508,37.57492391
2016,2016061411,22,주간,화,1,1,0,0,0,서울,성동구,차량단독,기타,기타,운전자법규위반,기타(운전자법규위반),기타/불명,기타/불명,화물차,중형,,,958722  ,1950077 ,127.03269701,37.54910705
2016,2016062314,35,주간,목,1,1,0,0,0,경남,창원시(통합),차대차,정면충돌,정면충돌,운전자법규위반,안전운전 의무 불이행,교차로,교차로부근,승용차,중형,원동기장치자전거,원동기장치자전거,1089881 ,1680442 ,128.48634648,35.1151418
2016,2016062117,10,주간,화,1,1,0,0,0,충남,천안시,차량단독,기타,기타,운전자법규위반,안전운전 의무 불이행,단일로,기타단일로,농기계,농기계,,,966933  ,1882305 ,127.12866008,36.9385506
2016,2016062715,50,주간,월,1,1,0,0,0,전남,무안군,차량단독,전도전복,전도전복,운전자법규위반,안전운전 의무 불이행,단일로,기타단일로,이륜차,소형,,,901399  ,1667129 ,126.41955773,34.99429877
2016,2016062600,03,야간,일,1,1,0,0,0,경기,구리시,차량단독,기타,기타,운전자법규위반,안전운전 의무 불이행,기타/불명,기타/불명,승합차,중형,,,968298  ,1958157 ,127.14075361,37.62231425
2016,2016062600,30,야간,일,1,2,0,1,0,서울,구로구,차대차,추돌,진행중 추돌,운전자법규위반,안전운전 의무 불이행,단일로,기타단일로,화물차,소형,화물차,소형,941567  ,1943685 ,126.83900596,37.49056746
2016,2016070313,10,주간,일,1,8,4,3,0,대구,수성구,차대차,측면직각충돌,측면직각충돌,운전자법규위반,신호위반,교차로,교차로내,승용차,대형,승용차,중형,1100927 ,1757581 ,128.61712017,35.80950672
2016,2016070405,20,야간,월,1,1,0,0,0,경기,파주시,차량단독,전도전복,전도전복,운전자법규위반,안전운전 의무 불이행,단일로,기타단일로,원동기장치자전거,원동기장치자전거,,,934748  ,1968801 ,126.7596349,37.71647511
2016,2016071005,10,야간,일,1,2,1,0,0,강원,횡성군,차대차,정면충돌,정면충돌,운전자법규위반,중앙선 침범,단일로,기타단일로,승용차,중형,승용차,중형,1041657 ,1942852 ,127.97118384,37.48396865
2016,2016072010,55,주간,수,1,1,0,0,0,경남,고성군,차대차,측면직각충돌,측면직각충돌,운전자법규위반,안전거리 미확보,교차로,교차로내,화물차,소형,특수차,대형,1079095 ,1673946 ,128.36737441,35.05747738
2016,2016072013,00,주간,수,1,1,0,0,0,경북,군위군,차대차,기타,기타,운전자법규위반,앞지르기 금지위반,교차로,교차로내,화물차,중형,농기계,농기계,1111095 ,1798071 ,128.7353214,36.17337974
2016,2016072002,22,야간,수,1,1,0,0,0,경북,칠곡군,차대차,기타,기타,운전자법규위반,안전운전 의무 불이행,단일로,기타단일로,승용차,중형,승용차,경형,1079980 ,1779362 ,128.38748457,36.0077933
2016,2016072104,42,야간,목,1,1,0,0,0,부산,해운대구,차대사람,기타,기타,운전자법규위반,안전운전 의무 불이행,단일로,기타단일로,승용차,중형,보행자,보행자,1148098 ,1688740 ,129.12656192,35.18250388
2016,2016071410,25,주간,목,1,2,1,0,0,충남,부여군,차대차,정면충돌,정면충돌,운전자법규위반,중앙선 침범,단일로,교량위,승용차,경형,승용차,경형,945260  ,1807769 ,126.89059224,36.26563412
2016,2016071301,20,야간,수,1,1,0,0,0,경기,성남시,차대사람,차도통행중,차도통행중,운전자법규위반,안전운전 의무 불이행,기타/불명,기타/불명,승용차,경형,보행자,보행자,964977  ,1930738 ,127.10442675,37.37505382
2016,2016071303,40,야간,수,1,1,0,0,0,충북,옥천군,차대사람,기타,기타,운전자법규위반,안전운전 의무 불이행,단일로,기타단일로,승용차,대형,보행자,보행자,1011184 ,1809160 ,127.62453184,36.27966241
2016,2016071310,05,주간,수,1,1,0,0,0,경북,봉화군,차량단독,공작물충돌,공작물충돌,운전자법규위반,안전운전 의무 불이행,교차로,교차로부근,화물차,소형,,,1111690 ,1870281 ,128.75237471,36.82414357
2016,2016060808,15,주간,수,1,2,0,1,0,경남,창원시(통합),차대차,측면직각충돌,측면직각충돌,운전자법규위반,안전운전 의무 불이행,교차로,교차로부근,승용차,경형,승용차,경형,1109635 ,1691745 ,128.70458828,35.21508309
2016,2016060719,15,야간,화,1,1,0,0,0,전북,순창군,차대차,측면직각충돌,측면직각충돌,운전자법규위반,직진 및 우회전차의 통행방해,교차로,교차로부근,원동기장치자전거,원동기장치자전거,승용차,중형,975859  ,1717677 ,127.23396647,35.45461027
2016,2016061612,20,주간,목,1,1,0,0,0,경남,사천시,차대사람,차도통행중,차도통행중,운전자법규위반,안전운전 의무 불이행,교차로,교차로내,화물차,소형,보행자,보행자,1053475 ,1676724 ,128.08661488,35.08420976
2016,2016061700,58,야간,금,1,1,0,0,0,충북,제천시,차대사람,횡단중,횡단중,운전자법규위반,안전운전 의무 불이행,기타/불명,기타/불명,승용차,경형,보행자,보행자,1069686 ,1909918 ,128.28510345,37.18544262
2016,2016061320,36,야간,월,1,1,0,0,0,경기,남양주시,차대사람,횡단중,횡단중,운전자법규위반,안전운전 의무 불이행,교차로,교차로내,승용차,경형,보행자,보행자,977418  ,1960882 ,127.24401588,37.64714506
2016,2016061221,16,야간,일,1,1,0,0,0,강원,홍천군,차량단독,전도전복,전도전복,운전자법규위반,안전운전 의무 불이행,단일로,기타단일로,화물차,소형,,,1046297 ,1978698 ,128.02593829,37.80683002
2016,2016061404,02,야간,화,1,1,0,0,0,경남,창원시(통합),차대사람,기타,기타,운전자법규위반,안전운전 의무 불이행,단일로,횡단보도상,화물차,중형,보행자,보행자,1105913 ,1685761 ,128.66293235,35.1615355
2016,2016062021,50,야간,월,1,1,0,0,0,경기,양주시,차대차,추돌,진행중 추돌,운전자법규위반,안전거리 미확보,단일로,기타단일로,화물차,경형,승용차,중형,962510  ,1979169 ,127.07408284,37.8114793
2016,2016062316,25,주간,목,1,1,0,0,0,경남,거제시,차대차,기타,기타,운전자법규위반,안전운전 의무 불이행,교차로,교차로내,화물차,소형,이륜차,소형,1112412 ,1653668 ,128.72993728,34.87150069
2016,2016062700,00,야간,월,1,1,0,0,0,충남,아산시,차량단독,전도전복,전도전복,운전자법규위반,안전운전 의무 불이행,기타/불명,기타/불명,승용차,경형,,,959614  ,1875955 ,127.04680912,36.88102448
2016,2016062513,15,주간,토,1,1,0,0,0,경북,영양군,차대차,추돌,진행중 추돌,운전자법규위반,안전운전 의무 불이행,단일로,기타단일로,이륜차,소형,화물차,소형,1142373 ,1849935 ,129.09252208,36.63667814
2016,2016070118,10,야간,금,1,1,0,0,0,경기,군포시,차대사람,횡단중,횡단중,운전자법규위반,안전운전 의무 불이행,단일로,기타단일로,화물차,소형,보행자,보행자,949481  ,1930676 ,126.92941548,37.37378011
2016,2016070616,36,주간,수,1,1,0,0,0,서울,양천구,차대사람,차도통행중,차도통행중,운전자법규위반,안전운전 의무 불이행,단일로,기타단일로,승용차,중형,보행자,보행자,942471  ,1947772 ,126.84891152,37.52746064
2016,2016072017,40,주간,수,1,1,0,0,0,서울,은평구,차대사람,횡단중,횡단중,운전자법규위반,안전운전 의무 불이행,교차로,교차로부근,건설기계,건설기계,보행자,보행자,948612  ,1955103 ,126.91789538,37.59389844
2016,2016071308,35,주간,수,1,1,0,0,0,전남,고흥군,차대사람,횡단중,횡단중,운전자법규위반,안전운전 의무 불이행,단일로,기타단일로,화물차,소형,보행자,보행자,984364  ,1621112 ,127.32950809,34.58401793
2016,2016071210,15,주간,화,1,1,0,0,0,경북,울진군,차대사람,횡단중,횡단중,운전자법규위반,안전운전 의무 불이행,단일로,기타단일로,승합차,대형,보행자,보행자,1169802 ,1889249 ,129.40796255,36.98639144
2016,2016071322,00,야간,수,1,1,0,0,0,대전,동구,차대사람,횡단중,횡단중,운전자법규위반,안전운전 의무 불이행,단일로,기타단일로,화물차,소형,보행자,보행자,993869  ,1816243 ,127.43167667,36.34356432
2016,2016071412,40,주간,목,1,2,1,0,0,경북,상주시,차대차,측면직각충돌,측면직각충돌,운전자법규위반,교차로 통행방법 위반,교차로,교차로내,이륜차,소형,이륜차,소형,1053283 ,1823421 ,128.09425896,36.40681768
2016,2016080504,40,야간,금,1,2,1,0,0,광주,서구,차대차,추돌,진행중 추돌,운전자법규위반,안전운전 의무 불이행,단일로,기타단일로,화물차,소형,화물차,소형,941612  ,1680861 ,126.85920105,35.12123927
2016,2016080902,31,야간,화,1,1,0,0,0,부산,기장군,차량단독,전도전복,전도전복,운전자법규위반,안전운전 의무 불이행,단일로,기타단일로,이륜차,소형,,,1155525 ,1691577 ,129.20859176,35.20750376
2016,2016080800,10,야간,월,2,3,1,0,0,전남,보성군,차량단독,공작물충돌,공작물충돌,운전자법규위반,과속,단일로,기타단일로,승용차,소형,,,984155  ,1648526 ,127.32671445,34.83122965
2016,2016080816,55,주간,월,1,1,0,0,0,인천,서구,차대차,기타,기타,운전자법규위반,안전거리 미확보,단일로,기타단일로,건설기계,건설기계,원동기장치자전거,원동기장치자전거,926148  ,1945521 ,126.66441708,37.50601024
2016,2016080706,35,주간,일,1,1,0,0,0,인천,동구,차량단독,전도전복,전도전복,운전자법규위반,안전운전 의무 불이행,단일로,기타단일로,이륜차,소형,,,924133  ,1941911 ,126.64199335,37.47331104
2016,2016081017,15,주간,수,1,1,0,0,0,강원,철원군,차량단독,공작물충돌,공작물충돌,운전자법규위반,안전운전 의무 불이행,단일로,기타단일로,화물차,소형,,,977482  ,2018236 ,127.24294938,38.16407564
2016,2016081019,50,야간,수,1,1,0,0,0,울산,울주군,차대사람,차도통행중,차도통행중,운전자법규위반,안전운전 의무 불이행,단일로,기타단일로,승용차,경형,보행자,보행자,1159903 ,1713663 ,129.26097794,35.40587063
2016,2016081104,45,야간,목,1,2,1,0,0,강원,원주시,차대사람,횡단중,횡단중,운전자법규위반,보행자 보호의무 위반,단일로,기타단일로,화물차,소형,보행자,보행자,1040942 ,1935530 ,127.96269001,37.41800416
2016,2016081207,14,주간,금,1,1,0,0,0,전북,익산시,차대사람,차도통행중,차도통행중,운전자법규위반,안전운전 의무 불이행,교차로,교차로내,승용차,소형,보행자,보행자,951509  ,1783970 ,126.96162684,36.05141311
2016,2016081805,25,야간,목,1,1,0,0,0,경기,안산시,차대사람,횡단중,횡단중,운전자법규위반,안전운전 의무 불이행,단일로,기타단일로,화물차,소형,보행자,보행자,943480  ,1923935 ,126.86215522,37.31267475
2016,2016081519,20,야간,월,2,2,0,0,0,충북,제천시,차량단독,공작물충돌,공작물충돌,운전자법규위반,안전운전 의무 불이행,단일로,기타단일로,이륜차,중형,,,1062104 ,1881822 ,128.19736675,36.93272984
2016,2016081608,20,주간,화,1,1,0,0,0,강원,홍천군,차량단독,공작물충돌,공작물충돌,운전자법규위반,안전운전 의무 불이행,단일로,기타단일로,화물차,중형,,,1058892 ,1980318 ,128.16914244,37.82070474
2016,2016082118,40,야간,일,1,1,0,0,0,경기,연천군,차량단독,전도전복,전도전복,운전자법규위반,안전운전 의무 불이행,단일로,기타단일로,화물차,소형,,,959439  ,2014671 ,127.03719028,38.13131511
2016,2016082213,50,주간,월,1,1,0,0,0,대전,서구,차대차,측면직각충돌,측면직각충돌,운전자법규위반,안전거리 미확보,단일로,기타단일로,승용차,소형,승용차,소형,987734  ,1818252 ,127.36327722,36.36161759
2016,2016081916,43,주간,금,1,1,0,0,0,전남,구례군,차량단독,전도전복,전도전복,운전자법규위반,안전운전 의무 불이행,단일로,기타단일로,원동기장치자전거,원동기장치자전거,,,996374  ,1691974 ,127.46015527,35.22313454
2016,2016082507,57,주간,목,1,1,0,0,0,전남,나주시,차대차,정면충돌,정면충돌,운전자법규위반,안전운전 의무 불이행,교차로,교차로부근,화물차,중형,자전거,자전거,940295  ,1672715 ,126.84533515,35.04771175
2016,2016090920,00,야간,금,1,1,0,0,0,부산,사하구,차대사람,길가장자리구역통행중,길가장자리구역통행중,운전자법규위반,안전운전 의무 불이행,단일로,기타단일로,승용차,중형,보행자,보행자,1131766 ,1680178 ,128.94694738,35.10775668
2016,2016090701,16,야간,수,1,1,0,0,0,서울,송파구,차대사람,기타,기타,운전자법규위반,안전운전 의무 불이행,단일로,기타단일로,승용차,대형,승용차,중형,962937  ,1946491 ,127.08059429,37.5169643
2016,2016092118,45,야간,수,1,1,0,0,0,전남,고흥군,차대사람,횡단중,횡단중,운전자법규위반,안전운전 의무 불이행,교차로,교차로내,승용차,경형,보행자,보행자,974705  ,1619586 ,127.22423455,34.57006395
2016,2016091003,30,야간,토,1,1,0,0,0,경기,고양시,차대차,기타,기타,운전자법규위반,중앙선 침범,단일로,기타단일로,승용차,소형,이륜차,소형,947449  ,1957982 ,126.90451515,37.6197812
2016,2016091219,29,야간,월,1,1,0,0,0,충북,옥천군,차대사람,차도통행중,차도통행중,운전자법규위반,안전운전 의무 불이행,교차로,교차로부근,승용차,중형,보행자,보행자,1011189 ,1807150 ,127.62455873,36.26154117
2016,2016090712,00,주간,수,1,1,0,0,0,강원,속초시,차대차,측면직각충돌,측면직각충돌,운전자법규위반,안전운전 의무 불이행,단일로,횡단보도상,자전거,자전거,승용차,소형,1094870 ,2022951 ,128.58351813,38.20185126
2016,2016090820,38,야간,목,1,1,0,0,0,부산,강서구,차대사람,기타,기타,운전자법규위반,안전운전 의무 불이행,단일로,기타단일로,승용차,소형,보행자,보행자,1130002 ,1680692 ,128.9003725,35.17209057
2016,2016091009,20,주간,토,1,1,0,0,0,경남,진주시,차대사람,횡단중,횡단중,운전자법규위반,부당한 회전,기타/불명,기타/불명,승합차,대형,보행자,보행자,1062067 ,1683943 ,128.18140442,35.14880826
2016,2016091203,51,야간,월,2,2,0,0,0,충남,천안시,차대차,기타,기타,운전자법규위반,신호위반,교차로,교차로내,이륜차,소형,승용차,중형,968292  ,1869736 ,127.14444696,36.8252949
2016,2016091006,20,주간,토,1,1,0,0,0,경기,용인시,차대사람,기타,기타,운전자법규위반,안전운전 의무 불이행,단일로,기타단일로,화물차,중형,보행자,보행자,975147  ,1928221 ,127.21937653,37.35269458
2016,2016072315,08,주간,토,1,2,1,0,0,강원,강릉시,차량단독,기타,기타,운전자법규위반,안전운전 의무 불이행,교차로,교차로부근,승용차,중형,,,1116888 ,1976413 ,128.82735217,37.77993189
2016,2016072412,50,주간,일,1,1,0,0,0,충북,음성군,차대차,측면직각충돌,측면직각충돌,운전자법규위반,교차로 통행방법 위반,교차로,교차로내,화물차,소형,이륜차,소형,1017278 ,1881879 ,127.69402225,36.93513244
2016,2016072507,20,주간,월,1,1,0,0,0,강원,인제군,차량단독,전도전복,전도전복,운전자법규위반,안전운전 의무 불이행,단일로,기타단일로,농기계,농기계,,,1060433 ,2008805 ,128.18904415,38.07733815
2016,2016072811,20,주간,목,1,1,0,0,0,충북,충주시,차량단독,전도전복,전도전복,운전자법규위반,안전운전 의무 불이행,단일로,교량위,이륜차,사발이,,,1021820 ,1901249 ,127.74558736,37.10964541
2016,2016072606,15,주간,화,1,1,0,0,0,전남,장성군,차대차,측면직각충돌,측면직각충돌,운전자법규위반,교차로 통행방법 위반,교차로,교차로내,승용차,소형,이륜차,소형,919611  ,1693633 ,126.61652045,35.23487605
2016,2016080406,57,주간,목,1,1,0,0,0,전북,전주시,차대차,측면직각충돌,측면직각충돌,운전자법규위반,신호위반,교차로,교차로내,자전거,자전거,승용차,소형,967428  ,1758372 ,127.13941392,35.82128852
2016,2016080219,25,야간,화,1,1,0,0,0,울산,울주군,차대사람,보도통행중,보도통행중,운전자법규위반,안전운전 의무 불이행,단일로,기타단일로,화물차,소형,보행자,보행자,1161014 ,1714892 ,129.27345066,35.41676802
2016,2016081004,08,야간,수,1,4,1,2,0,충남,예산군,차대차,추돌,진행중 추돌,운전자법규위반,안전운전 의무 불이행,단일로,기타단일로,화물차,소형,농기계,농기계,941269  ,1853105 ,126.84272243,36.67408735
2016,2016080904,30,야간,화,1,1,0,0,0,경북,포항시,차대사람,횡단중,횡단중,운전자법규위반,안전운전 의무 불이행,단일로,횡단보도상,승용차,중형,보행자,보행자,1166079 ,1782551 ,129.34320769,36.02566007
2016,2016080814,00,주간,월,1,1,0,0,0,서울,노원구,차대사람,횡단중,횡단중,운전자법규위반,안전운전 의무 불이행,교차로,교차로내,건설기계,건설기계,보행자,보행자,963155  ,1963608 ,127.08219945,37.67125339
2016,2016080521,25,야간,금,1,2,1,0,0,전남,해남군,차대차,정면충돌,정면충돌,운전자법규위반,안전운전 의무 불이행,단일로,기타단일로,승용차,대형,화물차,소형,917922  ,1618991 ,126.60528879,34.56173099
2016,2016080816,22,주간,월,1,2,1,0,0,강원,영월군,차대사람,기타,기타,운전자법규위반,안전운전 의무 불이행,기타/불명,기타/불명,승용차,중형,보행자,보행자,1086184 ,1909581 ,128.47000406,37.18078753
2016,2016080808,40,주간,월,1,1,0,0,0,서울,중랑구,차대사람,횡단중,횡단중,운전자법규위반,신호위반,교차로,교차로내,승합차,대형,보행자,보행자,962775  ,1954178 ,127.078371,37.58624334
2016,2016081305,05,야간,토,1,1,0,0,0,부산,강서구,차대사람,차도통행중,차도통행중,운전자법규위반,안전운전 의무 불이행,교차로,교차로부근,승용차,중형,보행자,보행자,1135493 ,1692040 ,128.98859284,35.2146683
2016,2016081220,11,야간,금,1,1,0,0,0,충북,청주시,차대사람,기타,기타,운전자법규위반,안전운전 의무 불이행,단일로,기타단일로,승용차,중형,보행자,보행자,994216  ,1840338 ,127.43536362,36.56078905
2016,2016081305,10,야간,토,1,1,0,0,0,강원,영월군,차대차,추돌,진행중 추돌,운전자법규위반,안전운전 의무 불이행,단일로,기타단일로,승용차,소형,농기계,농기계,1087441 ,1910026 ,128.48512504,37.18492178
2016,2016041213,45,주간,화,1,2,0,1,0,경남,합천군,차대차,측면직각충돌,측면직각충돌,운전자법규위반,중앙선 침범,단일로,기타단일로,이륜차,소형,승용차,소형,1046797 ,1717924 ,128.01570975,35.45602897
2016,2016041109,25,주간,월,1,12,2,7,2,경북,칠곡군,차량단독,공작물충돌,공작물충돌,운전자법규위반,안전운전 의무 불이행,단일로,기타단일로,승합차,경형,,,1080088 ,1779901 ,128.38873738,36.01264343
2016,2016040922,35,야간,토,1,1,0,0,0,서울,동작구,차대사람,횡단중,횡단중,운전자법규위반,안전운전 의무 불이행,단일로,횡단보도부근,승합차,소형,보행자,보행자,950606  ,1944838 ,126.94117283,37.50148755