발생년,발생년월일시,발생분,주야,요일,사망자수,사상자수,중상자수,경상자수,부상신고자수,발생지시도,발생지시군구,사고유형_대분류,사고유형_중분류,사고유형,법규위반_대분류,법규위반,도로형태_대분류,도로형태,당사자종별_1당_대분류,당사자종별_1당,당사자종별_2당_대분류,당사자종별_2당,발생위치X_UTMK,발생위치Y_UTMK,경도,위도
2016,2016040910,52,주간,토,1,1,0,0,0,경기,안성시,차량단독,전도전복,전도전복,운전자법규위반,안전운전 의무 불이행,기타/불명,기타/불명,승용차,중형,,,970721  ,1889763 ,127.17090904,37.0059048
2016,2016041416,00,주간,목,1,2,0,1,0,경북,구미시,차대사람,횡단중,횡단중,운전자법규위반,기타(운전자법규위반),단일로,기타단일로,승용차,중형,보행자,보행자,1077286 ,1788457 ,128.35848395,36.09000087
2016,2016041908,15,주간,화,1,2,0,1,0,서울,중랑구,차대사람,기타,기타,운전자법규위반,안전운전 의무 불이행,단일로,기타단일로,승합차,대형,보행자,보행자,964287  ,1955556 ,127.09542904,37.5987236
2016,2016041811,18,주간,월,1,1,0,0,0,대전,대덕구,차대차,측면직각충돌,측면직각충돌,운전자법규위반,안전운전 의무 불이행,단일로,기타단일로,화물차,대형,자전거,자전거,993701  ,1827474 ,127.42971339,36.44481455
2016,2016042012,00,주간,수,1,2,1,0,0,전남,순천시,차량단독,도로이탈,도로이탈 추락,운전자법규위반,안전운전 의무 불이행,단일로,기타단일로,이륜차,대형,,,995367  ,1670283 ,127.4492113,35.02753719
2016,2016042013,20,주간,수,1,1,0,0,0,경기,광주시,차대사람,횡단중,횡단중,운전자법규위반,보행자 보호의무 위반,단일로,횡단보도상,승용차,대형,보행자,보행자,978368  ,1934998 ,127.25554737,37.41386153
2016,2016042501,50,야간,월,1,4,2,1,0,충남,천안시,차대사람,횡단중,횡단중,운전자법규위반,안전운전 의무 불이행,단일로,기타단일로,승용차,중형,보행자,보행자,966776  ,1867386 ,127.12755048,36.80405873
2016,2016042523,00,야간,월,1,1,0,0,0,경기,안양시,차대사람,횡단중,횡단중,운전자법규위반,안전운전 의무 불이행,단일로,기타단일로,승용차,경형,보행자,보행자,951923  ,1930753 ,126.95699037,37.37460399
2016,2016042412,30,주간,일,1,1,0,0,0,전남,보성군,차량단독,도로이탈,도로이탈 기타,운전자법규위반,안전운전 의무 불이행,단일로,기타단일로,승용차,중형,,,959248  ,1639400 ,127.05474327,34.74826294
2016,2016042415,35,주간,일,1,3,0,1,1,울산,울주군,차대차,측면직각충돌,측면직각충돌,운전자법규위반,차로위반(진로변경 위반),교차로,교차로부근,승용차,경형,이륜차,소형,1159081 ,1730567 ,129.25523916,35.55834933
2016,2016042722,27,야간,수,1,1,0,0,0,서울,관악구,차대사람,기타,기타,운전자법규위반,안전운전 의무 불이행,단일로,기타단일로,승용차,중형,보행자,보행자,951438  ,1942717 ,126.95072541,37.48241457
2016,2016042721,35,야간,수,1,1,0,0,0,대구,동구,차대사람,횡단중,횡단중,운전자법규위반,안전운전 의무 불이행,단일로,기타단일로,승용차,경형,보행자,보행자,1105838 ,1765425 ,128.66284871,35.87720567
2016,2016042809,52,주간,목,1,1,0,0,0,경북,청도군,차대차,측면직각충돌,측면직각충돌,운전자법규위반,중앙선 침범,교차로,교차로부근,이륜차,소형,화물차,소형,1111428 ,1740861 ,128.73100652,35.65765221
2016,2016042723,02,야간,수,1,1,0,0,0,전북,전주시,차대사람,횡단중,횡단중,운전자법규위반,과속,단일로,횡단보도상,승용차,소형,보행자,보행자,963821  ,1760123 ,127.09940437,35.83694908
2016,2016042815,30,주간,목,1,1,0,0,0,충남,서산시,차대차,정면충돌,정면충돌,운전자법규위반,과속,단일로,기타단일로,승용차,중형,이륜차,소형,905963  ,1864299 ,126.44627318,36.77214659
2016,2016042613,20,주간,화,1,1,0,0,0,충남,당진시,차대사람,보도통행중,보도통행중,운전자법규위반,보행자 보호의무 위반,단일로,횡단보도상,승용차,경형,보행자,보행자,922977  ,1877982 ,126.63551399,36.89701623
2016,2016043017,00,주간,토,1,1,0,0,0,서울,금천구,차대사람,횡단중,횡단중,운전자법규위반,안전운전 의무 불이행,교차로,교차로내,화물차,경형,보행자,보행자,947151  ,1941236 ,126.90234468,37.46883064
2016,2016043014,30,주간,토,1,1,0,0,0,경북,경주시,차대차,기타,기타,운전자법규위반,신호위반,교차로,교차로내,이륜차,소형,승용차,경형,1152228 ,1761931 ,129.185596,35.84209418
2016,2016050606,50,주간,금,1,1,0,0,0,강원,횡성군,차대사람,기타,기타,운전자법규위반,안전운전 의무 불이행,기타/불명,기타/불명,화물차,소형,보행자,보행자,1047222 ,1951716 ,128.03469729,37.56359419
2016,2016050703,04,야간,토,1,1,0,0,0,충남,천안시,차대사람,기타,기타,운전자법규위반,보행자 보호의무 위반,교차로,교차로내,승용차,소형,보행자,보행자,966754  ,1867323 ,127.12730661,36.80349004
2016,2016050614,14,주간,금,1,1,0,0,0,전남,화순군,차량단독,공작물충돌,공작물충돌,운전자법규위반,안전운전 의무 불이행,지하도로내,지하도로내,이륜차,소형,,,961393  ,1670350 ,127.07677738,35.02741399
2016,2016040502,10,야간,화,1,1,0,0,0,경기,성남시,차대차,측면직각충돌,측면직각충돌,운전자법규위반,신호위반,교차로,교차로내,자전거,자전거,승용차,경형,966377  ,1932546 ,127.12015677,37.39140232
2016,2016040604,40,야간,수,1,1,0,0,0,충북,괴산군,차대차,측면직각충돌,측면직각충돌,운전자법규위반,직진 및 우회전차의 통행방해,교차로,교차로내,이륜차,소형,화물차,소형,1023746 ,1870553 ,127.76629886,36.83289326
2016,2016041213,00,주간,화,1,1,0,0,0,전남,보성군,차대차,추돌,진행중 추돌,운전자법규위반,안전운전 의무 불이행,단일로,터널안,승용차,중형,이륜차,소형,959893  ,1650047 ,127.06131018,34.84427786
2016,2016041120,10,야간,월,1,2,1,0,0,제주,서귀포시,차대사람,횡단중,횡단중,운전자법규위반,과속,단일로,횡단보도상,화물차,소형,보행자,보행자,888023  ,1473883 ,126.29793349,33.25046348
2016,2016041516,48,주간,금,1,2,1,0,0,전북,정읍시,차대사람,기타,기타,운전자법규위반,안전운전 의무 불이행,단일로,기타단일로,승용차,대형,보행자,보행자,947573  ,1734553 ,126.92117364,35.60567818
2016,2016041219,30,야간,화,1,1,0,0,0,전남,순천시,차대사람,횡단중,횡단중,운전자법규위반,보행자 보호의무 위반,단일로,횡단보도상,승용차,소형,보행자,보행자,1000360 ,1661086 ,127.50394248,34.94461415
2016,2016041600,20,야간,토,1,1,0,0,0,경남,창원시(통합),차대차,측면직각충돌,측면직각충돌,운전자법규위반,교차로 통행방법 위반,교차로,교차로내,이륜차,소형,화물차,소형,1104529 ,1695334 ,128.64895377,35.24798407
2016,2016041619,45,야간,토,1,1,0,0,0,강원,원주시,차대사람,횡단중,횡단중,운전자법규위반,과속,단일로,기타단일로,승용차,경형,보행자,보행자,1039512 ,1931243 ,127.94630068,37.37942523
2016,2016042215,15,주간,금,1,6,5,0,0,충남,서천군,차대차,정면충돌,정면충돌,운전자법규위반,중앙선 침범,단일로,기타단일로,승용차,중형,승용차,중형,934171  ,1782439 ,126.76927082,36.03659202
2016,2016042200,20,야간,금,1,1,0,0,0,전북,정읍시,차량단독,도로이탈,도로이탈 추락,운전자법규위반,안전운전 의무 불이행,단일로,기타단일로,승용차,대형,,,939058  ,1732219 ,126.82734427,35.58414677
2016,2016042004,30,야간,수,1,1,0,0,0,경기,용인시,차대사람,횡단중,횡단중,운전자법규위반,안전운전 의무 불이행,교차로,교차로부근,승용차,경형,보행자,보행자,965041  ,1923424 ,127.10549461,37.30913008
2016,2016051016,39,주간,화,1,1,0,0,0,제주,제주시,차량단독,공작물충돌,공작물충돌,운전자법규위반,안전운전 의무 불이행,단일로,기타단일로,승용차,대형,,,902604  ,1499165 ,126.4516723,33.47994862
2016,2016050800,30,야간,일,1,3,2,0,0,충남,예산군,차량단독,전도전복,전도전복,운전자법규위반,안전운전 의무 불이행,단일로,기타단일로,승용차,소형,,,924236  ,1860318 ,126.65140286,36.73789995
2016,2016050817,10,주간,일,1,1,0,0,0,충남,논산시,차대사람,횡단중,횡단중,운전자법규위반,안전운전 의무 불이행,교차로,교차로내,건설기계,건설기계,보행자,보행자,957990  ,1794292 ,127.03302978,36.14477259
2016,2016051319,15,야간,금,1,6,4,1,0,경북,포항시,차대차,정면충돌,정면충돌,운전자법규위반,중앙선 침범,단일로,기타단일로,승용차,경형,승용차,대형,1168171 ,1780958 ,129.36607593,36.0109463
2016,2016051309,45,주간,금,1,1,0,0,0,경기,여주시,차량단독,전도전복,전도전복,운전자법규위반,기타(운전자법규위반),교차로,교차로부근,화물차,소형,,,1005425 ,1913431 ,127.56114783,37.21969469
2016,2016051217,46,주간,목,1,1,0,0,0,충남,공주시,차대차,추돌,진행중 추돌,운전자법규위반,안전운전 의무 불이행,단일로,기타단일로,승용차,중형,승합차,대형,964293  ,1828206 ,127.10153835,36.45076937
2016,2016051220,00,야간,목,1,1,0,0,0,충북,음성군,차대사람,길가장자리구역통행중,길가장자리구역통행중,운전자법규위반,안전운전 의무 불이행,단일로,기타단일로,승용차,중형,보행자,보행자,997716  ,1883399 ,127.4743473,36.94899021
2016,2016051103,17,야간,수,1,2,1,0,0,경남,창원시(통합),차량단독,공작물충돌,공작물충돌,운전자법규위반,안전운전 의무 불이행,교차로,교차로내,승용차,중형,,,1095833 ,1694577 ,128.55329652,35.24202898
2016,2016051712,20,주간,화,1,2,1,0,0,서울,동작구,차대차,측면직각충돌,측면직각충돌,운전자법규위반,차로위반(진로변경 위반),단일로,기타단일로,승용차,경형,승용차,소형,949145  ,1945884 ,126.92442766,37.51032334
2016,2016052018,10,야간,금,1,14,2,11,0,충남,서산시,차대차,정면충돌,정면충돌,운전자법규위반,중앙선 침범,기타/불명,기타/불명,승합차,경형,승합차,대형,911263  ,1865803 ,126.50547856,36.78621392
2016,2016052102,50,야간,토,1,1,0,0,0,경기,남양주시,차량단독,전도전복,전도전복,운전자법규위반,안전운전 의무 불이행,단일로,기타단일로,이륜차,소형,,,972813  ,1961242 ,127.19180193,37.65026504
2016,2016051920,44,야간,목,1,1,0,0,0,전북,완주군,차대차,추돌,진행중 추돌,운전자법규위반,과속,교차로,교차로내,승용차,대형,원동기장치자전거,원동기장치자전거,965490  ,1776516 ,127.11717283,35.98480653
2016,2016052815,40,주간,토,1,1,0,0,0,전남,여수시,차량단독,기타,기타,운전자법규위반,안전운전 의무 불이행,교차로,교차로부근,농기계,농기계,,,1007320 ,1632692 ,127.57991608,34.68853904
2016,2016052904,15,야간,일,1,1,0,0,0,경북,포항시,차대사람,기타,기타,운전자법규위반,안전운전 의무 불이행,단일로,기타단일로,승용차,중형,보행자,보행자,1169312 ,1782970 ,129.37916125,36.02887892
2016,2016052710,34,주간,금,1,1,0,0,0,서울,은평구,차대사람,기타,기타,운전자법규위반,안전운전 의무 불이행,교차로,교차로내,승용차,중형,보행자,보행자,949158  ,1956780 ,126.92396345,37.60904367
2016,2016052605,10,야간,목,1,1,0,0,0,전남,고흥군,차량단독,전도전복,전도전복,운전자법규위반,안전운전 의무 불이행,단일로,기타단일로,이륜차,사발이,,,985861  ,1611166 ,127.3459963,34.49434569
2016,2016060107,10,주간,수,1,1,0,0,0,강원,화천군,차량단독,기타,기타,운전자법규위반,안전운전 의무 불이행,단일로,기타단일로,이륜차,사발이,,,1024562 ,2005847 ,127.77995686,38.05236483
2016,2016060102,50,야간,수,1,1,0,0,0,경북,포항시,차량단독,전도전복,전도전복,운전자법규위반,안전운전 의무 불이행,단일로,기타단일로,이륜차,소형,,,1174899 ,1778639 ,129.44018199,35.98886581
2016,2016053114,20,주간,화,1,5,0,4,0,경북,울진군,차대차,추돌,진행중 추돌,운전자법규위반,안전운전 의무 불이행,단일로,기타단일로,승합차,소형,특수차,경형,1173620 ,1858718 ,129.44386199,36.71062709
2016,2016060109,03,주간,수,1,1,0,0,0,경기,군포시,차대사람,기타,기타,운전자법규위반,안전운전 의무 불이행,단일로,기타단일로,화물차,중형,보행자,보행자,950575  ,1925875 ,126.94209141,37.33056544
2016,2016053108,05,주간,화,1,1,0,0,0,서울,은평구,차대사람,횡단중,횡단중,운전자법규위반,보행자 보호의무 위반,교차로,교차로내,건설기계,건설기계,보행자,보행자,948286  ,1954983 ,126.91421123,37.5927986
2016,2016060110,52,주간,수,1,1,0,0,0,충남,당진시,차량단독,전도전복,전도전복,운전자법규위반,안전운전 의무 불이행,단일로,기타단일로,이륜차,소형,,,935710  ,1867413 ,126.77930938,36.80270169
2016,2016050609,17,주간,금,1,1,0,0,0,전북,김제시,차대사람,횡단중,횡단중,운전자법규위반,안전운전 의무 불이행,단일로,기타단일로,승용차,소형,보행자,보행자,946807  ,1754536 ,126.91139448,35.7858025
2016,2016050606,10,주간,금,1,2,1,0,0,대구,수성구,차대차,측면직각충돌,측면직각충돌,운전자법규위반,과속,교차로,교차로부근,승용차,중형,승용차,중형,1108768 ,1761534 ,128.68621443,35.84145233
2016,2016050922,48,야간,월,1,1,0,0,0,인천,남구,차대사람,횡단중,횡단중,운전자법규위반,안전운전 의무 불이행,단일로,기타단일로,승합차,대형,보행자,보행자,926712  ,1940692 ,126.67127862,37.46253266
2016,2016050913,25,주간,월,1,3,0,2,0,경기,용인시,차대차,추돌,진행중 추돌,운전자법규위반,안전운전 의무 불이행,교차로,교차로부근,화물차,중형,화물차,중형,986368  ,1908336 ,127.34644033,37.17368398
2016,2016051014,10,주간,화,1,4,1,2,0,전북,완주군,차대차,측면직각충돌,측면직각충돌,운전자법규위반,신호위반,교차로,교차로내,승용차,중형,승용차,중형,966174  ,1770088 ,127.12503445,35.92687683
2016,2016050812,50,주간,일,1,1,0,0,0,울산,남구,차대사람,횡단중,횡단중,운전자법규위반,안전운전 의무 불이행,교차로,교차로내,승용차,소형,보행자,보행자,1165598 ,1727178 ,129.32642041,35.52673945
2016,2016050722,00,야간,토,1,1,0,0,0,전남,강진군,차량단독,전도전복,전도전복,운전자법규위반,안전운전 의무 불이행,단일로,교량위,화물차,소형,,,939030  ,1627843 ,126.83472937,34.64302265
2016,2016050715,00,주간,토,1,1,0,0,0,전북,부안군,차대차,측면직각충돌,측면직각충돌,운전자법규위반,신호위반,교차로,교차로내,승용차,중형,이륜차,소형,932713  ,1746358 ,126.75613468,35.71120878
2016,2016050720,57,야간,토,1,1,0,0,0,인천,남동구,차대사람,횡단중,횡단중,운전자법규위반,안전운전 의무 불이행,교차로,교차로부근,승용차,중형,보행자,보행자,933244  ,1938975 ,126.74529013,37.44755231
2016,2016051604,48,야간,월,1,1,0,0,0,경기,안산시,차대차,추돌,진행중 추돌,운전자법규위반,안전운전 의무 불이행,단일로,기타단일로,승용차,소형,화물차,대형,940420  ,1929117 ,126.82720787,37.35919048
2016,2016052114,53,주간,토,1,1,0,0,0,세종,세종,차대사람,기타,기타,운전자법규위반,안전운전 의무 불이행,단일로,기타단일로,승용차,중형,보행자,보행자,991130  ,1836906 ,127.40091701,36.52982553
2016,2016052005,35,야간,금,1,1,0,0,0,경기,안산시,차량단독,기타,기타,운전자법규위반,안전운전 의무 불이행,단일로,기타단일로,승합차,대형,,,937562  ,1925361 ,126.79563923,37.32587856
2016,2016052012,55,주간,금,1,2,1,0,0,대구,동구,차대차,측면직각충돌,측면직각충돌,운전자법규위반,신호위반,교차로,교차로내,이륜차,소형,화물차,소형,1104009 ,1768822 ,128.64045766,35.9065559
2016,2016052006,51,주간,금,1,3,1,1,0,전북,고창군,차대차,측면직각충돌,측면직각충돌,운전자법규위반,직진 및 우회전차의 통행방해,교차로,교차로내,화물차,소형,화물차,소형,928495  ,1725522 ,126.71135446,35.52306123
2016,2016051915,25,주간,목,1,1,0,0,0,충남,보령시,차량단독,전도전복,전도전복,운전자법규위반,안전운전 의무 불이행,단일로,기타단일로,승용차,경형,,,925407  ,1811276 ,126.66925657,36.29591798
2016,2016052507,00,주간,수,1,1,0,0,0,강원,삼척시,차량단독,전도전복,전도전복,운전자법규위반,안전운전 의무 불이행,단일로,기타단일로,승용차,중형,,,1156288 ,1926279 ,129.26391778,37.32237228
2016,2016060123,16,야간,수,1,1,0,0,0,경기,파주시,차대사람,횡단중,횡단중,운전자법규위반,보행자 보호의무 위반,단일로,횡단보도상,승용차,대형,보행자,보행자,936828  ,1984135 ,126.78189732,37.85481894
2016,2016060106,10,주간,수,1,1,0,0,0,부산,강서구,차대차,추돌,진행중 추돌,운전자법규위반,안전운전 의무 불이행,기타/불명,기타/불명,이륜차,소형,승용차,중형,1123877 ,1682912 ,128.85970518,35.13379898
2016,2016060111,00,주간,수,1,1,0,0,0,경북,고령군,차량단독,공작물충돌,공작물충돌,운전자법규위반,안전운전 의무 불이행,기타/불명,기타/불명,원동기장치자전거,원동기장치자전거,,,1078803 ,1746480 ,128.37117573,35.7114545
2016,2016060118,22,야간,수,1,1,0,0,0,경북,경주시,차량단독,공작물충돌,공작물충돌,운전자법규위반,안전운전 의무 불이행,단일로,기타단일로,승용차,경형,,,1139130 ,1752344 ,129.03894538,35.7576334
2016,2016053116,00,주간,화,1,2,1,0,0,경남,거창군,차량단독,전도전복,전도전복,운전자법규위반,안전운전 의무 불이행,단일로,기타단일로,농기계,농기계,,,1047199 ,1755894 ,128.02236185,35.79835243
2016,2016061306,02,주간,월,1,1,0,0,0,경남,창원시(통합),차대사람,횡단중,횡단중,운전자법규위반,기타(운전자법규위반),단일로,기타단일로,화물차,소형,보행자,보행자,1093281 ,1697103 ,128.52553847,35.26504327
2016,2016061816,40,주간,토,1,1,0,0,0,제주,서귀포시,차대차,측면직각충돌,측면직각충돌,운전자법규위반,직진 및 우회전차의 통행방해,교차로,교차로내,화물차,소형,이륜차,사발이,895920  ,1475304 ,126.38252962,33.26406892
2016,2016061817,41,주간,토,1,1,0,0,0,경남,창원시(통합),차대사람,횡단중,횡단중,운전자법규위반,신호위반,단일로,횡단보도상,건설기계,건설기계,보행자,보행자,1099305 ,1692587 ,128.59121077,35.22375013
2016,2016062409,10,주간,금,1,1,0,0,0,전북,전주시,차대사람,횡단중,횡단중,운전자법규위반,과속,단일로,기타단일로,화물차,소형,보행자,보행자,965303  ,1759364 ,127.11576016,35.83063891
2016,2016062719,10,야간,월,1,1,0,0,0,서울,성동구,차대차,측면직각충돌,측면직각충돌,운전자법규위반,중앙선 침범,교차로,교차로부근,승용차,경형,이륜차,대형,959186  ,1952521 ,127.03781368,37.57115618
2016,2016062908,35,주간,수,1,2,0,1,0,제주,제주시,차대차,정면충돌,정면충돌,운전자법규위반,안전운전 의무 불이행,단일로,기타단일로,승용차,경형,농기계,농기계,949227  ,1502090 ,126.9532696,33.50952246
2016,2016071808,14,주간,월,1,1,0,0,0,강원,정선군,차량단독,전도전복,전도전복,운전자법규위반,안전운전 의무 불이행,단일로,기타단일로,이륜차,사발이,,,1114160 ,1927324 ,128.78873832,37.3379222
2016,2016071619,02,야간,토,1,1,0,0,0,전남,완도군,차대차,기타,기타,운전자법규위반,안전운전 의무 불이행,단일로,기타단일로,승용차,경형,승용차,중형,937634  ,1592955 ,126.82204827,34.32833366
2016,2016071610,50,주간,토,1,1,0,0,0,경기,파주시,차대차,측면직각충돌,측면직각충돌,운전자법규위반,중앙선 침범,단일로,기타단일로,화물차,대형,화물차,소형,942286  ,1995027 ,126.84306467,37.95334459
2016,2016071622,58,야간,토,1,1,0,0,0,경남,창원시(통합),차량단독,전도전복,전도전복,운전자법규위반,안전운전 의무 불이행,단일로,기타단일로,이륜차,소형,,,1102820 ,1690414 ,128.62955727,35.20380544
2016,2016071709,05,주간,일,2,5,0,3,0,강원,삼척시,차대차,측면직각충돌,측면직각충돌,운전자법규위반,교차로 통행방법 위반,교차로,교차로내,승용차,경형,건설기계,건설기계,1146408 ,1941616 ,129.15548971,37.46216923
2016,2016071610,05,주간,토,1,2,1,0,0,전북,김제시,차대차,측면직각충돌,측면직각충돌,운전자법규위반,중앙선 침범,교차로,교차로내,화물차,소형,원동기장치자전거,원동기장치자전거,955161  ,1747299 ,127.00423689,35.72097083
2016,2016071520,20,야간,금,1,7,6,0,0,경기,안산시,차대차,정면충돌,정면충돌,운전자법규위반,중앙선 침범,단일로,기타단일로,화물차,소형,승용차,중형,942918  ,1920804 ,126.85605389,37.28441943
2016,2016071523,45,야간,금,1,2,0,1,0,경기,용인시,차대차,측면직각충돌,측면직각충돌,운전자법규위반,안전운전 의무 불이행,단일로,기타단일로,승용차,대형,이륜차,소형,963765  ,1917148 ,127.09140146,37.25251077
2016,2016071500,30,야간,금,1,1,0,0,0,서울,서초구,차대사람,횡단중,횡단중,운전자법규위반,안전운전 의무 불이행,단일로,기타단일로,승용차,중형,보행자,보행자,954978  ,1941805 ,126.99118453,37.47446997
2016,2016071516,20,주간,금,1,1,0,0,0,대구,남구,차대사람,횡단중,횡단중,운전자법규위반,안전운전 의무 불이행,단일로,기타단일로,화물차,소형,보행자,보행자,1099547 ,1761812 ,128.60237547,35.84778816
2016,2016071502,00,야간,금,1,1,0,0,0,서울,용산구,차대차,기타,기타,운전자법규위반,신호위반,교차로,교차로내,승용차,중형,이륜차,소형,954995  ,1946905 ,126.99070005,37.52034249
2016,2016071510,25,주간,금,1,1,0,0,0,경기,시흥시,차대차,측면직각충돌,측면직각충돌,운전자법규위반,안전운전 의무 불이행,교차로,교차로내,화물차,대형,자전거,자전거,932340  ,1927809 ,126.73609296,37.34684723
2016,2016072108,00,주간,목,1,2,0,1,0,경북,의성군,차대차,정면충돌,정면충돌,운전자법규위반,중앙선 침범,단일로,기타단일로,승용차,경형,이륜차,소형,1084196 ,1821527 ,128.43878847,36.38753186
2016,2016072007,40,주간,수,1,1,0,0,0,광주,서구,차대사람,기타,기타,운전자법규위반,안전운전 의무 불이행,교차로,교차로내,승합차,중형,보행자,보행자,941655  ,1681904 ,126.85970684,35.13065305
2016,2016063004,12,야간,목,1,2,1,0,0,대전,유성구,차대차,정면충돌,정면충돌,운전자법규위반,중앙선 침범,단일로,기타단일로,승용차,소형,승용차,경형,982590  ,1819840 ,127.3059044,36.37585458
2016,2016062917,45,주간,수,1,1,0,0,0,경북,문경시,차량단독,공작물충돌,공작물충돌,운전자법규위반,안전운전 의무 불이행,단일로,기타단일로,원동기장치자전거,원동기장치자전거,,,1044449 ,1845968 ,127.99703591,36.61052481
2016,2016061307,50,주간,월,1,1,0,0,0,충남,홍성군,차량단독,전도전복,전도전복,운전자법규위반,안전운전 의무 불이행,단일로,기타단일로,이륜차,소형,,,930061  ,1847395 ,126.71782054,36.62185841
2016,2016061100,56,야간,토,1,1,0,0,0,전북,순창군,차대사람,기타,기타,운전자법규위반,안전운전 의무 불이행,단일로,기타단일로,화물차,중형,보행자,보행자,967393  ,1710074 ,127.14097695,35.38581514
2016,2016061608,25,주간,목,1,1,0,0,0,경기,시흥시,차대사람,차도통행중,차도통행중,운전자법규위반,안전운전 의무 불이행,교차로,교차로부근,화물차,소형,보행자,보행자,936937  ,1939184 ,126.78702041,37.44969526
2016,2016061602,00,야간,목,1,1,0,0,0,대구,달서구,차대차,정면충돌,정면충돌,운전자법규위반,신호위반,교차로,교차로내,승용차,경형,이륜차,소형,1091806 ,1762965 ,128.51673902,35.85886092
2016,2016061413,05,주간,화,1,1,0,0,0,충남,서산시,차대차,정면충돌,정면충돌,운전자법규위반,안전운전 의무 불이행,단일로,기타단일로,이륜차,사발이,이륜차,소형,904922  ,1874645 ,126.43331674,36.86529266
2016,2016061502,02,야간,수,1,1,0,0,0,경기,수원시,차대사람,횡단중,횡단중,운전자법규위반,안전운전 의무 불이행,단일로,기타단일로,승용차,중형,보행자,보행자,960811  ,1915530 ,127.05817714,37.23780683
2016,2016062015,20,주간,월,1,1,0,0,0,전남,고흥군,차대차,측면직각충돌,측면직각충돌,운전자법규위반,안전운전 의무 불이행,단일로,기타단일로,이륜차,사발이,화물차,소형,983621  ,1615167 ,127.32152113,34.53039401
2016,2016061714,22,주간,금,1,1,0,0,0,충북,옥천군,차대사람,횡단중,횡단중,운전자법규위반,안전운전 의무 불이행,교차로,교차로부근,승합차,대형,보행자,보행자,1010811 ,1805434 ,127.62032703,36.24607481
2016,2016061904,00,야간,일,3,4,1,0,0,대구,수성구,차대차,추돌,진행중 추돌,운전자법규위반,안전운전 의무 불이행,단일로,기타단일로,승용차,경형,화물차,대형,1103140 ,1761584 ,128.64212762,35.8453613
2016,2016061903,45,야간,일,1,1,0,0,0,부산,연제구,차대차,기타,기타,운전자법규위반,과속,단일로,기타단일로,승용차,중형,승용차,중형,1145228 ,1687637 ,129.09452544,35.173584
2016,2016062511,08,주간,토,1,1,0,0,0,전북,익산시,차대차,측면직각충돌,측면직각충돌,운전자법규위반,안전운전 의무 불이행,교차로,교차로부근,화물차,소형,자전거,자전거,952032  ,1787266 ,126.96723291,36.08115398
2016,2016062114,50,주간,화,1,1,0,0,0,경기,의정부시,차대사람,기타,기타,운전자법규위반,안전운전 의무 불이행,단일로,기타단일로,승용차,소형,보행자,보행자,959911  ,1971079 ,127.04500398,37.73845399
2016,2016062307,00,주간,목,1,1,0,0,0,경북,영천시,차대사람,횡단중,횡단중,운전자법규위반,보행자 보호의무 위반,교차로,교차로부근,화물차,소형,보행자,보행자,1116043 ,1783493 ,128.78818087,36.04140075
2016,2016062209,20,주간,수,1,1,0,0,0,충남,천안시,차량단독,전도전복,전도전복,운전자법규위반,안전운전 의무 불이행,단일로,기타단일로,이륜차,소형,,,971062  ,1871586 ,127.17543703,36.84206061
2016,2016062518,15,야간,토,1,1,0,0,0,충북,청주시,차대사람,차도통행중,차도통행중,운전자법규위반,안전운전 의무 불이행,단일로,기타단일로,승용차,중형,보행자,보행자,995533  ,1848850 ,127.45003167,36.63753211
2016,2016062503,45,야간,토,1,2,1,0,0,경북,경산시,차대차,정면충돌,정면충돌,운전자법규위반,안전운전 의무 불이행,교차로,교차로부근,승용차,대형,이륜차,중형,1110278 ,1758676 ,128.72075353,35.81837097
2016,2016062518,44,야간,토,1,1,0,0,0,전남,순천시,차대사람,길가장자리구역통행중,길가장자리구역통행중,운전자법규위반,안전운전 의무 불이행,교차로,교차로부근,화물차,소형,보행자,보행자,999057  ,1659609 ,127.48967456,34.93129488
2016,2016071018,24,야간,일,1,1,0,0,0,광주,광산구,차량단독,기타,기타,운전자법규위반,안전운전 의무 불이행,단일로,기타단일로,자전거,자전거,,,923725  ,1686591 ,126.66238133,35.17170573
2016,2016071514,10,주간,금,1,1,0,0,0,광주,광산구,차대사람,기타,기타,운전자법규위반,안전운전 의무 불이행,기타/불명,기타/불명,화물차,소형,보행자,보행자,938205  ,1687692 ,126.82130076,35.1826281
2016,2016071510,50,주간,금,1,1,0,0,0,충남,부여군,차대차,기타,기타,운전자법규위반,안전운전 의무 불이행,교차로,교차로부근,승용차,소형,이륜차,소형,948821  ,1797869 ,126.93088109,36.17657941
2016,2016121421,43,야간,수,1,1,0,0,0,제주,서귀포시,차대사람,횡단중,횡단중,운전자법규위반,안전운전 의무 불이행,교차로,교차로부근,승용차,중형,보행자,보행자,945356  ,1495529 ,126.91207321,33.4502462