발생년,발생년월일시,발생분,주야,요일,사망자수,사상자수,중상자수,경상자수,부상신고자수,발생지시도,발생지시군구,사고유형_대분류,사고유형_중분류,사고유형,법규위반_대분류,법규위반,도로형태_대분류,도로형태,당사자종별_1당_대분류,당사자종별_1당,당사자종별_2당_대분류,당사자종별_2당,발생위치X_UTMK,발생위치Y_UTMK,경도,위도
2016,2016051415,10,주간,토,1,1,0,0,0,전북,익산시,차대차,측면직각충돌,측면직각충돌,운전자법규위반,부당한 회전,단일로,기타단일로,자전거,자전거,승용차,중형,952946  ,1771393 ,126.97832777,35.93809478
2016,2016051410,50,주간,토,1,1,0,0,0,충북,충주시,차대사람,횡단중,횡단중,운전자법규위반,보행자 보호의무 위반,교차로,교차로부근,승용차,경형,보행자,보행자,1039166 ,1886714 ,127.94005818,36.97806044
2016,2016051410,25,주간,토,1,1,0,0,0,경남,하동군,차량단독,도로이탈,도로이탈 기타,운전자법규위반,안전운전 의무 불이행,단일로,기타단일로,원동기장치자전거,원동기장치자전거,,,1025901 ,1676469 ,127.78412822,35.08299636
2016,2016051508,35,주간,일,2,3,1,0,0,서울,성북구,차대차,측면직각충돌,측면직각충돌,운전자법규위반,안전운전 의무 불이행,단일로,기타단일로,이륜차,소형,화물차,중형,959728  ,1957766 ,127.04366262,37.61845447
2016,2016051504,10,야간,일,1,1,0,0,0,경기,고양시,차량단독,전도전복,전도전복,운전자법규위반,안전운전 의무 불이행,단일로,횡단보도상,이륜차,소형,,,942327  ,1958586 ,126.84643055,37.62491783
2016,2016051510,50,주간,일,1,1,0,0,0,충북,보은군,차량단독,전도전복,전도전복,운전자법규위반,안전운전 의무 불이행,단일로,기타단일로,농기계,농기계,,,1020604 ,1842255 ,127.73030085,36.57786603
2016,2016052007,30,주간,금,1,1,0,0,0,경기,고양시,차량단독,공작물충돌,공작물충돌,운전자법규위반,안전운전 의무 불이행,단일로,기타단일로,승용차,중형,,,936360  ,1959207 ,126.77876113,37.63012085
2016,2016052422,15,야간,화,1,1,0,0,0,부산,남구,차대사람,횡단중,횡단중,운전자법규위반,신호위반,단일로,횡단보도상,승용차,경형,보행자,보행자,1146544 ,1682546 ,129.10835855,35.12745369
2016,2016052620,01,야간,목,1,1,0,0,0,울산,남구,차대차,측면직각충돌,측면직각충돌,운전자법규위반,신호위반,교차로,교차로내,이륜차,소형,승용차,중형,1165985 ,1727499 ,129.33075251,35.52956762
2016,2016072013,26,주간,수,1,1,0,0,0,충남,당진시,차대차,측면직각충돌,측면직각충돌,운전자법규위반,교차로 통행방법 위반,교차로,교차로내,화물차,소형,이륜차,소형,927505  ,1886623 ,126.68550179,36.97526174
2016,2016072114,00,주간,목,1,1,0,0,0,전남,여수시,차대사람,횡단중,횡단중,운전자법규위반,안전운전 의무 불이행,단일로,기타단일로,승용차,중형,보행자,보행자,1005663 ,1641517 ,127.56188508,34.768132
2016,2016072115,20,주간,목,1,1,0,0,0,충남,아산시,차량단독,전도전복,전도전복,운전자법규위반,신호위반,교차로,교차로내,승용차,경형,,,956360  ,1864445 ,127.0109564,36.77712434
2016,2016070113,35,주간,금,1,1,0,0,0,경기,이천시,차대차,정면충돌,정면충돌,운전자법규위반,중앙선 침범,단일로,기타단일로,원동기장치자전거,원동기장치자전거,화물차,소형,1004069 ,1899505 ,127.54578793,37.09417001
2016,2016070106,48,주간,금,1,1,0,0,0,경기,시흥시,차대차,측면직각충돌,측면직각충돌,운전자법규위반,신호위반,교차로,교차로내,승용차,중형,원동기장치자전거,원동기장치자전거,932862  ,1927413 ,126.74202194,37.34331594
2016,2016063006,00,주간,목,1,1,0,0,0,경기,고양시,차대차,측면직각충돌,측면직각충돌,운전자법규위반,신호위반,교차로,교차로내,건설기계,건설기계,이륜차,중형,933240  ,1963961 ,126.74296977,37.67274554
2016,2016060900,46,야간,목,1,1,0,0,0,경남,의령군,차대사람,기타,기타,운전자법규위반,안전운전 의무 불이행,단일로,기타단일로,승용차,소형,보행자,보행자,1074983 ,1719780 ,128.32647132,35.47103585
2016,2016060909,20,주간,목,1,1,0,0,0,강원,춘천시,차대사람,횡단중,횡단중,운전자법규위반,안전운전 의무 불이행,교차로,교차로부근,승용차,소형,보행자,보행자,1020467 ,1986319 ,127.73272641,37.8764632
2016,2016060613,23,주간,월,1,1,0,0,0,전북,전주시,차대차,측면직각충돌,측면직각충돌,운전자법규위반,신호위반,교차로,교차로부근,이륜차,소형,승용차,중형,969216  ,1759358 ,127.15916952,35.83023609
2016,2016061018,30,야간,금,1,4,2,1,0,강원,속초시,차대차,추돌,진행중 추돌,운전자법규위반,안전운전 의무 불이행,단일로,기타단일로,화물차,소형,승용차,경형,1094454 ,2021903 ,128.57862841,38.19245148
2016,2016061016,10,주간,금,1,1,0,0,0,충북,괴산군,차량단독,전도전복,전도전복,운전자법규위반,안전운전 의무 불이행,단일로,기타단일로,이륜차,소형,,,1033572 ,1874729 ,127.87667506,36.87023979
2016,2016061108,55,주간,토,1,1,0,0,0,경남,김해시,차량단독,전도전복,전도전복,운전자법규위반,안전운전 의무 불이행,교차로,교차로내,화물차,소형,,,1124633 ,1702884 ,128.87102647,35.31374369
2016,2016061320,10,야간,월,1,1,0,0,0,충남,당진시,차대차,측면직각충돌,측면직각충돌,운전자법규위반,중앙선 침범,교차로,교차로내,농기계,농기계,승용차,대형,913471  ,1893318 ,126.52707678,37.03441827
2016,2016062100,02,야간,화,1,1,0,0,0,대구,북구,차량단독,전도전복,전도전복,운전자법규위반,안전운전 의무 불이행,단일로,기타단일로,이륜차,소형,,,1093722 ,1770157 ,128.53886969,35.92342823
2016,2016062102,30,야간,화,1,2,1,0,0,서울,관악구,차대차,정면충돌,정면충돌,운전자법규위반,중앙선 침범,단일로,기타단일로,이륜차,소형,이륜차,소형,948784  ,1943555 ,126.92064962,37.48982429
2016,2016081708,30,주간,수,1,2,1,0,0,서울,금천구,차대차,측면직각충돌,측면직각충돌,운전자법규위반,안전운전 의무 불이행,교차로,교차로내,화물차,소형,이륜차,대형,947183  ,1940767 ,126.90274017,37.46460526
2016,2016081721,30,야간,수,1,1,0,0,0,경남,고성군,차대사람,횡단중,횡단중,운전자법규위반,안전운전 의무 불이행,교차로,교차로부근,화물차,소형,보행자,보행자,1064939 ,1666901 ,128.21159747,34.99496534
2016,2016081723,55,야간,수,1,1,0,0,0,서울,강서구,차대사람,횡단중,횡단중,운전자법규위반,안전운전 의무 불이행,교차로,교차로부근,승용차,경형,보행자,보행자,942520  ,1951190 ,126.8491983,37.5582702
2016,2016081612,10,주간,화,1,2,1,0,0,경남,통영시,차대차,정면충돌,정면충돌,운전자법규위반,중앙선 침범,단일로,기타단일로,승용차,대형,승용차,중형,1081665 ,1663502 ,128.39452877,34.96310612
2016,2016082517,35,주간,목,1,3,0,2,0,광주,북구,차대차,추돌,진행중 추돌,운전자법규위반,안전운전 의무 불이행,교차로,교차로부근,승용차,경형,승용차,소형,949518  ,1692526 ,126.9452502,35.2268474
2016,2016082417,47,주간,수,1,1,0,0,0,전남,고흥군,차대사람,횡단중,횡단중,운전자법규위반,안전운전 의무 불이행,교차로,교차로내,화물차,중형,보행자,보행자,987605  ,1612382 ,127.36497443,34.50533423
2016,2016082309,40,주간,화,1,1,0,0,0,강원,강릉시,차량단독,전도전복,전도전복,운전자법규위반,안전운전 의무 불이행,단일로,기타단일로,화물차,중형,,,1112309 ,1956675 ,128.77232319,37.60264424
2016,2016082409,40,주간,수,1,1,0,0,0,전북,남원시,차량단독,전도전복,전도전복,운전자법규위반,안전운전 의무 불이행,기타/불명,기타/불명,원동기장치자전거,원동기장치자전거,,,980299  ,1710729 ,127.2830629,35.39205984
2016,2016082310,50,주간,화,1,1,0,0,0,경기,남양주시,차대차,측면직각충돌,측면직각충돌,운전자법규위반,안전운전 의무 불이행,교차로,교차로내,승용차,중형,이륜차,소형,985641  ,1961870 ,127.33720995,37.65621574
2016,2016082305,15,야간,화,1,1,0,0,0,경기,수원시,차대사람,횡단중,횡단중,운전자법규위반,안전운전 의무 불이행,기타/불명,기타/불명,승용차,경형,보행자,보행자,955990  ,1921392 ,127.00347942,37.29042982
2016,2016082405,47,야간,수,1,1,0,0,0,제주,서귀포시,차대사람,횡단중,횡단중,운전자법규위반,안전운전 의무 불이행,교차로,교차로내,승용차,소형,보행자,보행자,896125  ,1475321 ,126.38475564,33.26428914
2016,2016082318,40,야간,화,1,1,0,0,0,충남,공주시,차량단독,기타,기타,운전자법규위반,안전운전 의무 불이행,단일로,기타단일로,이륜차,소형,,,971935  ,1823243 ,127.18699534,36.40628132
2016,2016082705,30,야간,토,1,1,0,0,0,제주,제주시,차대사람,차도통행중,차도통행중,운전자법규위반,안전운전 의무 불이행,교차로,교차로내,승용차,소형,보행자,보행자,900032  ,1500524 ,126.42386036,33.49203837
2016,2016082621,55,야간,금,1,1,0,0,0,경남,창원시(통합),차대사람,기타,기타,운전자법규위반,안전운전 의무 불이행,단일로,기타단일로,승용차,대형,보행자,보행자,1095810 ,1688379 ,128.55232233,35.18615251
2016,2016082921,20,야간,월,1,1,0,0,0,전북,완주군,차대사람,길가장자리구역통행중,길가장자리구역통행중,운전자법규위반,안전운전 의무 불이행,단일로,기타단일로,화물차,소형,보행자,보행자,964102  ,1738397 ,127.10346625,35.64147365
2016,2016082805,18,야간,일,1,3,2,0,0,부산,진구,차대차,정면충돌,정면충돌,운전자법규위반,중앙선 침범,고가도로위,고가도로위,화물차,소형,승용차,중형,1141433 ,1687200 ,129.05307968,35.17013571
2016,2016082715,25,주간,토,1,1,0,0,0,충남,태안군,차량단독,전도전복,전도전복,운전자법규위반,안전운전 의무 불이행,단일로,기타단일로,화물차,소형,,,883392  ,1870259 ,126.19249612,36.82335175
2016,2016090910,49,주간,금,2,2,0,0,0,경기,부천시,차대차,측면직각충돌,측면직각충돌,운전자법규위반,신호위반,교차로,교차로내,이륜차,중형,승용차,중형,936206  ,1944155 ,126.77832579,37.4944487
2016,2016090909,55,주간,금,1,6,1,2,2,서울,중구,차대사람,기타,기타,운전자법규위반,안전운전 의무 불이행,단일로,기타단일로,화물차,소형,보행자,보행자,954510  ,1951786 ,126.98490915,37.5643123
2016,2016091305,25,야간,화,1,1,0,0,0,경북,경주시,차대사람,기타,기타,운전자법규위반,안전운전 의무 불이행,단일로,기타단일로,승용차,중형,보행자,보행자,1166184 ,1743710 ,129.33628204,35.67562629
2016,2016091309,40,주간,화,1,1,0,0,0,제주,제주시,차대차,측면직각충돌,측면직각충돌,운전자법규위반,차로위반(진로변경 위반),단일로,기타단일로,원동기장치자전거,원동기장치자전거,승용차,중형,910096  ,1502820 ,126.53196521,33.51349735
2016,2016072119,10,야간,목,1,3,2,0,0,대구,중구,차대차,측면직각충돌,측면직각충돌,운전자법규위반,중앙선 침범,교차로,교차로내,이륜차,소형,화물차,소형,1098190 ,1764697 ,128.5877059,35.87393197
2016,2016071805,00,야간,월,1,1,0,0,0,경기,오산시,차대사람,횡단중,횡단중,운전자법규위반,안전운전 의무 불이행,단일로,기타단일로,승용차,대형,보행자,보행자,961302  ,1905722 ,127.06422101,37.14941929
2016,2016072320,50,야간,토,1,1,0,0,0,전북,전주시,차대차,측면직각충돌,측면직각충돌,운전자법규위반,부당한 회전,단일로,기타단일로,자전거,자전거,승용차,소형,966525  ,1760435 ,127.12933101,35.83985814
2016,2016072404,03,야간,일,1,2,1,0,0,경남,창원시(통합),차량단독,전도전복,전도전복,운전자법규위반,안전운전 의무 불이행,단일로,기타단일로,승용차,경형,,,1103786 ,1693273 ,128.64052819,35.22948081
2016,2016072310,30,주간,토,1,1,0,0,0,충북,제천시,차대차,측면직각충돌,측면직각충돌,운전자법규위반,중앙선 침범,단일로,기타단일로,자전거,자전거,승용차,경형,1061774 ,1905729 ,128.1956247,37.14824215
2016,2016072817,16,주간,목,1,1,0,0,0,충북,음성군,차대차,측면직각충돌,측면직각충돌,운전자법규위반,교차로 통행방법 위반,교차로,교차로내,화물차,경형,이륜차,소형,1013084 ,1900373 ,127.64724749,37.10191183
2016,2016072814,10,주간,목,1,1,0,0,0,서울,노원구,차량단독,전도전복,전도전복,운전자법규위반,안전운전 의무 불이행,단일로,터널안,승용차,중형,,,963562  ,1964087 ,127.08679054,37.67558696
2016,2016080512,25,주간,금,1,1,0,0,0,강원,화천군,차대사람,횡단중,횡단중,운전자법규위반,안전운전 의무 불이행,단일로,기타단일로,승용차,중형,보행자,보행자,1009575 ,2019346 ,127.60931723,38.17431009
2016,2016080403,50,야간,목,1,1,0,0,0,경기,수원시,차량단독,공작물충돌,공작물충돌,운전자법규위반,안전운전 의무 불이행,단일로,기타단일로,이륜차,소형,,,957223  ,1916958 ,127.0176447,37.25052062
2016,2016081317,35,주간,토,1,1,0,0,0,경남,사천시,차대사람,횡단중,횡단중,운전자법규위반,안전운전 의무 불이행,교차로,교차로부근,승용차,소형,보행자,보행자,1053264 ,1660566 ,128.0832651,34.93852497
2016,2016081310,20,주간,토,1,1,0,0,0,경남,김해시,차대차,측면직각충돌,측면직각충돌,운전자법규위반,안전운전 의무 불이행,교차로,교차로내,건설기계,건설기계,이륜차,소형,1118570 ,1704315 ,128.80455339,35.32738137
2016,2016081620,15,야간,화,1,1,0,0,0,경북,군위군,차대사람,길가장자리구역통행중,길가장자리구역통행중,운전자법규위반,안전운전 의무 불이행,단일로,기타단일로,승용차,경형,보행자,보행자,1104057 ,1785239 ,128.6553813,36.05849487
2016,2016081519,30,야간,월,1,1,0,0,0,경기,가평군,차량단독,공작물충돌,공작물충돌,운전자법규위반,안전운전 의무 불이행,단일로,기타단일로,승용차,경형,,,987627  ,1978431 ,127.35944359,37.80551369
2016,2016081610,50,주간,화,1,1,0,0,0,강원,삼척시,차대사람,길가장자리구역통행중,길가장자리구역통행중,운전자법규위반,안전운전 의무 불이행,단일로,기타단일로,화물차,소형,보행자,보행자,1122275 ,1922490 ,128.87952766,37.29332819
2016,2016082211,25,주간,월,1,1,0,0,0,전남,보성군,차대차,측면직각충돌,측면직각충돌,운전자법규위반,안전운전 의무 불이행,교차로,교차로내,화물차,소형,이륜차,소형,986353  ,1650186 ,127.35072532,34.84623081
2016,2016082610,00,주간,금,1,2,0,1,0,충남,서산시,차대차,정면충돌,정면충돌,운전자법규위반,신호위반,교차로,교차로내,특수차,대형,승용차,경형,907676  ,1873637 ,126.46433192,36.85648065
2016,2016082704,20,야간,토,1,1,0,0,0,경북,영덕군,차대사람,차도통행중,차도통행중,운전자법규위반,안전운전 의무 불이행,단일로,기타단일로,화물차,대형,보행자,보행자,1167691 ,1823177 ,129.36978065,36.39145811
2016,2016082623,25,야간,금,1,1,0,0,0,전남,목포시,차대차,기타,기타,운전자법규위반,안전운전 의무 불이행,단일로,기타단일로,화물차,소형,승합차,중형,901926  ,1647115 ,126.42768005,34.81390386
2016,2016082906,33,주간,월,1,1,0,0,0,부산,동구,차대사람,횡단중,횡단중,운전자법규위반,신호위반,단일로,횡단보도상,건설기계,건설기계,보행자,보행자,1140292 ,1681098 ,129.03943748,35.11520696
2016,2016082912,55,주간,월,1,3,0,2,0,전북,완주군,차대차,정면충돌,정면충돌,운전자법규위반,중앙선 침범,단일로,교량위,승합차,대형,화물차,소형,968845  ,1748965 ,127.15546658,35.73651998
2016,2016082807,18,주간,일,1,1,0,0,0,울산,중구,차량단독,공작물충돌,공작물충돌,운전자법규위반,안전운전 의무 불이행,교차로,교차로부근,원동기장치자전거,원동기장치자전거,,,1167033 ,1731804 ,129.34319421,35.56818806
2016,2016082705,37,야간,토,1,1,0,0,0,경기,화성시,차대사람,횡단중,횡단중,운전자법규위반,안전운전 의무 불이행,교차로,교차로내,승용차,중형,보행자,보행자,953128  ,1914400 ,126.97163197,37.22726653
2016,2016082805,45,야간,일,1,1,0,0,0,전북,전주시,차대사람,횡단중,횡단중,운전자법규위반,안전운전 의무 불이행,단일로,기타단일로,승용차,중형,보행자,보행자,967658  ,1760812 ,127.14186123,35.84329522
2016,2016091110,15,주간,일,1,1,0,0,0,대구,수성구,차대사람,횡단중,횡단중,운전자법규위반,보행자 보호의무 위반,단일로,횡단보도상,승용차,대형,보행자,보행자,1102977 ,1762723 ,128.64046998,35.85564582
2016,2016091005,15,야간,토,1,1,0,0,0,경기,수원시,차대차,측면직각충돌,측면직각충돌,운전자법규위반,안전운전 의무 불이행,교차로,교차로내,자전거,자전거,승용차,중형,957299  ,1916916 ,127.01850406,37.25014553
2016,2016091308,20,주간,화,1,1,0,0,0,부산,남구,차대사람,횡단중,횡단중,운전자법규위반,신호위반,교차로,교차로내,화물차,대형,보행자,보행자,1144007 ,1681528 ,129.08034653,35.11864389
2016,2016090721,30,야간,수,1,1,0,0,0,대구,남구,차대사람,횡단중,횡단중,운전자법규위반,안전운전 의무 불이행,단일로,횡단보도상,승용차,중형,보행자,보행자,1098212 ,1762798 ,128.5877156,35.8568112
2016,2016090900,10,야간,금,1,1,0,0,0,충남,서산시,차대차,추돌,진행중 추돌,운전자법규위반,안전운전 의무 불이행,단일로,기타단일로,승용차,대형,자전거,자전거,905099  ,1866756 ,126.43628713,36.79420589
2016,2016090820,00,야간,목,1,1,0,0,0,전남,영암군,차량단독,도로이탈,도로이탈 추락,운전자법규위반,안전운전 의무 불이행,단일로,기타단일로,원동기장치자전거,원동기장치자전거,,,918025  ,1644068 ,126.60397944,34.78785404
2016,2016071906,50,주간,화,1,1,0,0,0,경남,거제시,차량단독,공작물충돌,공작물충돌,운전자법규위반,안전운전 의무 불이행,단일로,기타단일로,화물차,소형,,,1108435 ,1666009 ,128.68803495,34.98319465
2016,2016072319,15,야간,토,1,1,0,0,0,충북,청주시,차대차,정면충돌,정면충돌,운전자법규위반,안전운전 의무 불이행,교차로,교차로내,이륜차,소형,승용차,경형,1013892 ,1848411 ,127.65538918,36.63348367
2016,2016072405,25,야간,일,1,1,0,0,0,경북,경주시,차대사람,길가장자리구역통행중,길가장자리구역통행중,운전자법규위반,안전운전 의무 불이행,단일로,기타단일로,승용차,경형,보행자,보행자,1176451 ,1742611 ,129.44943125,35.66393966
2016,2016072705,50,야간,수,1,1,0,0,0,전남,순천시,차량단독,전도전복,전도전복,운전자법규위반,안전운전 의무 불이행,단일로,기타단일로,승용차,중형,,,1005456 ,1655588 ,127.55971453,34.895021
2016,2016072521,40,야간,월,1,1,0,0,0,울산,남구,차대차,측면직각충돌,측면직각충돌,운전자법규위반,중앙선 침범,단일로,기타단일로,승용차,소형,화물차,대형,1164110 ,1725987 ,129.3097752,35.51625335
2016,2016072621,03,야간,화,1,2,1,0,0,경기,양주시,차대차,정면충돌,정면충돌,운전자법규위반,중앙선 침범,단일로,기타단일로,승용차,경형,승용차,경형,958553  ,1976167 ,127.02930112,37.78425144
2016,2016073015,30,주간,토,1,1,0,0,0,부산,동래구,차대차,측면직각충돌,측면직각충돌,운전자법규위반,부당한 회전,단일로,횡단보도상,자전거,자전거,승용차,중형,1145295 ,1690337 ,129.09602682,35.19786049
2016,2016073003,53,야간,토,1,2,1,0,0,강원,원주시,차대차,추돌,진행중 추돌,운전자법규위반,안전운전 의무 불이행,단일로,기타단일로,승용차,소형,화물차,소형,1024556 ,1921788 ,127.77705702,37.29471651
2016,2016080610,10,주간,토,1,1,0,0,0,경남,창원시(통합),차대사람,기타,기타,운전자법규위반,안전운전 의무 불이행,단일로,기타단일로,승용차,경형,보행자,보행자,1111644 ,1680444 ,128.72512824,35.11298152
2016,2016080405,29,야간,목,1,2,1,0,0,서울,성동구,차량단독,전도전복,전도전복,운전자법규위반,안전운전 의무 불이행,단일로,기타단일로,이륜차,대형,,,959685  ,1948851 ,127.04366605,37.53809937
2016,2016080420,00,야간,목,1,1,0,0,0,경남,밀양시,차량단독,전도전복,전도전복,운전자법규위반,안전운전 의무 불이행,단일로,기타단일로,자전거,자전거,,,1131688 ,1719476 ,128.95129063,35.46239871
2016,2016080213,55,주간,화,1,1,0,0,0,전북,전주시,차대사람,기타,기타,운전자법규위반,안전운전 의무 불이행,교차로,교차로내,승합차,소형,보행자,보행자,964737  ,1759689 ,127.10956583,35.83306953
2016,2016080920,10,야간,화,1,1,0,0,0,충남,예산군,차량단독,전도전복,전도전복,운전자법규위반,안전운전 의무 불이행,단일로,기타단일로,이륜차,소형,,,933685  ,1862727 ,126.75701871,36.76032236
2016,2016081106,50,주간,목,1,1,0,0,0,전남,목포시,차대차,기타,기타,운전자법규위반,과속,교차로,교차로부근,승합차,대형,화물차,대형,895569  ,1641786 ,126.35884792,34.76522549
2016,2016080604,30,야간,토,1,1,0,0,0,경기,김포시,차량단독,전도전복,전도전복,운전자법규위반,안전운전 의무 불이행,단일로,기타단일로,이륜차,소형,,,923988  ,1964085 ,126.63805329,37.67314307
2016,2016080705,58,야간,일,1,2,1,0,0,경기,안성시,차량단독,기타,기타,운전자법규위반,안전운전 의무 불이행,단일로,기타단일로,이륜차,소형,,,976245  ,1890585 ,127.23297125,37.01347047
2016,2016081410,35,주간,일,1,2,1,0,0,전북,전주시,차대차,기타,기타,운전자법규위반,안전운전 의무 불이행,단일로,기타단일로,승용차,대형,승용차,중형,960382  ,1764226 ,127.06112282,35.87380835
2016,2016081305,30,야간,토,1,1,0,0,0,인천,서구,차대사람,횡단중,횡단중,운전자법규위반,안전운전 의무 불이행,단일로,기타단일로,승용차,경형,보행자,보행자,925546  ,1956136 ,126.65676029,37.60170894
2016,2016081508,10,주간,월,1,1,0,0,0,전북,정읍시,차량단독,도로이탈,도로이탈 기타,운전자법규위반,안전운전 의무 불이행,단일로,기타단일로,농기계,농기계,,,930503  ,1732018 ,126.73383842,35.57951148
2016,2016081608,43,주간,화,1,1,0,0,0,제주,서귀포시,차량단독,전도전복,전도전복,운전자법규위반,안전운전 의무 불이행,단일로,기타단일로,승용차,중형,,,941248  ,1486510 ,126.86843638,33.36856147
2016,2016052521,34,야간,수,1,1,0,0,0,전북,전주시,차량단독,전도전복,전도전복,운전자법규위반,안전운전 의무 불이행,단일로,기타단일로,승용차,소형,,,966149  ,1759672 ,127.1252,35.83296603
2016,2016052401,20,야간,화,1,1,0,0,0,충북,청주시,차대차,기타,기타,운전자법규위반,안전운전 의무 불이행,단일로,기타단일로,승용차,경형,자전거,자전거,997826  ,1851088 ,127.47567506,36.65771559
2016,2016052120,30,야간,토,1,1,0,0,0,인천,강화군,차대차,정면충돌,정면충돌,운전자법규위반,중앙선 침범,단일로,기타단일로,화물차,소형,이륜차,소형,908692  ,1974255 ,126.46334996,37.76339862
2016,2016052202,30,야간,일,1,1,0,0,0,인천,서구,차량단독,전도전복,전도전복,운전자법규위반,중앙선 침범,단일로,기타단일로,이륜차,소형,,,926908  ,1946674 ,126.67290045,37.5164624
2016,2016052219,34,야간,일,2,2,0,0,0,경기,평택시,차대사람,기타,기타,운전자법규위반,안전운전 의무 불이행,단일로,기타단일로,승용차,중형,보행자,보행자,963740  ,1895710 ,127.09215886,37.05926847
2016,2016052808,15,주간,토,1,2,0,1,0,전남,영암군,차대차,측면직각충돌,측면직각충돌,운전자법규위반,안전운전 의무 불이행,교차로,교차로내,원동기장치자전거,원동기장치자전거,승용차,대형,919392  ,1644240 ,126.61890324,34.78951398
2016,2016052510,12,주간,수,1,1,0,0,0,충북,충주시,차대사람,횡단중,횡단중,운전자법규위반,안전운전 의무 불이행,기타/불명,기타/불명,화물차,소형,보행자,보행자,1036486 ,1887620 ,127.90999099,36.98633512
2016,2016050417,15,주간,수,1,1,0,0,0,서울,동작구,차대차,측면직각충돌,측면직각충돌,운전자법규위반,안전운전 의무 불이행,교차로,교차로내,승용차,중형,이륜차,중형,948955  ,1944670 ,126.92250648,37.49988349
2016,2016051113,17,주간,수,1,3,0,2,0,서울,서대문구,차대사람,차도통행중,차도통행중,운전자법규위반,안전운전 의무 불이행,단일로,기타단일로,승용차,중형,보행자,보행자,950118  ,1953537 ,126.93506072,37.57986683
2016,2016050916,20,주간,월,1,1,0,0,0,충북,진천군,차대사람,횡단중,횡단중,운전자법규위반,신호위반,교차로,교차로내,건설기계,건설기계,보행자,보행자,995434  ,1872393 ,127.44878342,36.84976745
2016,2016051411,07,주간,토,1,1,0,0,0,전북,전주시,차대차,정면충돌,정면충돌,운전자법규위반,안전운전 의무 불이행,교차로,교차로내,이륜차,소형,승용차,중형,972760  ,1753662 ,127.1986011,35.77898517
2016,2016051413,13,주간,토,1,2,1,0,0,강원,영월군,차량단독,전도전복,전도전복,운전자법규위반,안전운전 의무 불이행,기타/불명,기타/불명,승용차,경형,,,1061098 ,1923635 ,128.18948087,37.30968102
2016,2016051203,54,야간,목,1,1,0,0,0,경기,화성시,차량단독,전도전복,전도전복,운전자법규위반,안전운전 의무 불이행,단일로,기타단일로,승용차,대형,,,950654  ,1913031 ,126.94383541,37.21479912
2016,2016051420,15,야간,토,1,2,0,1,0,경기,부천시,차대사람,횡단중,횡단중,운전자법규위반,과속,교차로,교차로부근,원동기장치자전거,원동기장치자전거,보행자,보행자,935445  ,1945774 ,126.76957542,37.50898773
2016,2016052114,00,주간,토,1,1,0,0,0,경기,평택시,차량단독,전도전복,전도전복,운전자법규위반,안전운전 의무 불이행,단일로,기타단일로,승용차,중형,,,950651  ,1889644 ,126.94534112,37.00399232
2016,2016052115,00,주간,토,1,2,1,0,0,전남,고흥군,차량단독,전도전복,전도전복,운전자법규위반,안전운전 의무 불이행,단일로,기타단일로,화물차,소형,,,983171  ,1628858 ,127.3163461,34.65385219
2016,2016052107,17,주간,토,1,1,0,0,0,전남,완도군,차량단독,전도전복,전도전복,운전자법규위반,안전운전 의무 불이행,단일로,기타단일로,화물차,소형,,,946327  ,1596856 ,126.91629742,34.36399931
2016,2016051910,50,주간,목,1,1,0,0,0,충남,홍성군,차대차,측면직각충돌,측면직각충돌,운전자법규위반,차로위반(진로변경 위반),단일로,기타단일로,이륜차,소형,승용차,경형,923435  ,1839828 ,126.64447741,36.55313964
2016,2016052407,50,주간,화,1,8,3,4,0,경기,파주시,차대차,정면충돌,정면충돌,운전자법규위반,중앙선 침범,단일로,기타단일로,화물차,중형,승용차,중형,939602  ,1987797 ,126.81312206,37.8880106
2016,2016052308,10,주간,월,1,1,0,0,0,강원,속초시,차대차,측면직각충돌,측면직각충돌,운전자법규위반,안전운전 의무 불이행,교차로,교차로부근,자전거,자전거,화물차,소형,1092632 ,2021566 ,128.55778125,38.18960404
2016,2016052220,05,야간,일,1,1,0,0,0,충남,공주시,차대사람,횡단중,횡단중,운전자법규위반,보행자 보호의무 위반,교차로,교차로내,화물차,소형,보행자,보행자,967240  ,1828179 ,127.13442503,36.4506312
2016,2016052209,15,주간,일,1,1,0,0,0,충남,부여군,차대차,측면직각충돌,측면직각충돌,운전자법규위반,안전운전 의무 불이행,교차로,교차로내,화물차,소형,자전거,자전거,952407  ,1802826 ,126.97045553,36.22145096
2016,2016052307,40,주간,월,1,1,0,0,0,경기,양평군,차량단독,전도전복,전도전복,운전자법규위반,안전운전 의무 불이행,기타/불명,기타/불명,승용차,대형,,,1002563 ,1945076 ,127.52899838,37.50495105
2016,2016052900,57,야간,일,1,1,0,0,0,경기,의정부시,차대사람,기타,기타,운전자법규위반,안전운전 의무 불이행,교차로,교차로내,승용차,중형,보행자,보행자,959507  ,1969354 ,127.04051494,37.72288874