발생년,발생년월일시,발생분,주야,요일,사망자수,사상자수,중상자수,경상자수,부상신고자수,발생지시도,발생지시군구,사고유형_대분류,사고유형_중분류,사고유형,법규위반_대분류,법규위반,도로형태_대분류,도로형태,당사자종별_1당_대분류,당사자종별_1당,당사자종별_2당_대분류,당사자종별_2당,발생위치X_UTMK,발생위치Y_UTMK,경도,위도
2016,2016052816,20,주간,토,1,2,1,0,0,충남,천안시,차대차,측면직각충돌,측면직각충돌,운전자법규위반,안전운전 의무 불이행,교차로,교차로내,승용차,중형,이륜차,소형,970640  ,1861824 ,127.17108053,36.75404719
2016,2016052704,01,야간,금,1,1,0,0,0,서울,성북구,차대사람,횡단중,횡단중,운전자법규위반,안전운전 의무 불이행,교차로,교차로부근,화물차,소형,보행자,보행자,958835  ,1955813 ,127.03365393,37.60081213
2016,2016052609,30,주간,목,1,1,0,0,0,경북,안동시,차대차,측면직각충돌,측면직각충돌,운전자법규위반,안전운전 의무 불이행,단일로,기타단일로,이륜차,사발이,화물차,소형,1096332 ,1845360 ,128.57705596,36.60121306
2016,2016053009,40,주간,월,1,1,0,0,0,부산,금정구,차대사람,기타,기타,운전자법규위반,안전운전 의무 불이행,단일로,기타단일로,건설기계,건설기계,보행자,보행자,1144390 ,1694995 ,129.08688968,35.23997237
2016,2016053002,45,야간,월,1,1,0,0,0,경기,광주시,차대사람,횡단중,횡단중,운전자법규위반,신호위반,교차로,교차로부근,승용차,대형,보행자,보행자,986821  ,1927266 ,127.35120794,37.34432559
2016,2016050603,40,야간,금,1,1,0,0,0,부산,북구,차량단독,공작물충돌,공작물충돌,운전자법규위반,안전운전 의무 불이행,단일로,기타단일로,원동기장치자전거,원동기장치자전거,,,1136966 ,1691220 ,129.00471075,35.20699107
2016,2016050417,00,주간,수,1,1,0,0,0,충남,서천군,차량단독,기타,기타,운전자법규위반,안전운전 의무 불이행,단일로,기타단일로,화물차,소형,,,909997  ,1796121 ,126.49939866,36.15799196
2016,2016050900,52,야간,월,1,1,0,0,0,전북,완주군,차량단독,전도전복,전도전복,운전자법규위반,안전운전 의무 불이행,단일로,기타단일로,승용차,중형,,,968971  ,1765390 ,127.15622228,35.88461286
2016,2016050916,10,주간,월,1,1,0,0,0,부산,연제구,차대사람,차도통행중,차도통행중,운전자법규위반,중앙선 침범,단일로,기타단일로,승용차,중형,보행자,보행자,1143173 ,1689450 ,129.07257098,35.19017024
2016,2016051411,30,주간,토,1,1,0,0,0,경북,상주시,차량단독,전도전복,전도전복,운전자법규위반,안전운전 의무 불이행,기타/불명,기타/불명,농기계,농기계,,,1057196 ,1842022 ,128.1392743,36.57427391
2016,2016051221,07,야간,목,1,1,0,0,0,경기,수원시,차대사람,기타,기타,운전자법규위반,보행자 보호의무 위반,단일로,기타단일로,승용차,중형,보행자,보행자,956899  ,1919731 ,127.01383073,37.27550068
2016,2016051113,20,주간,수,1,1,0,0,0,경기,광명시,차대사람,횡단중,횡단중,운전자법규위반,안전운전 의무 불이행,단일로,기타단일로,승합차,경형,보행자,보행자,942465  ,1941157 ,126.84936112,37.4678387
2016,2016051610,35,주간,월,1,1,0,0,0,경기,이천시,차대차,측면직각충돌,측면직각충돌,운전자법규위반,안전운전 의무 불이행,단일로,기타단일로,이륜차,소형,화물차,소형,1003943 ,1900790 ,127.54437682,37.1057539
2016,2016051515,50,주간,일,1,1,0,0,0,전북,김제시,차대차,측면직각충돌,측면직각충돌,운전자법규위반,안전운전 의무 불이행,교차로,교차로내,화물차,소형,원동기장치자전거,원동기장치자전거,947138  ,1763188 ,126.91058012,35.86769493
2016,2016051921,40,야간,목,1,7,0,6,0,경기,안산시,차대차,추돌,진행중 추돌,운전자법규위반,신호위반,교차로,교차로내,승용차,중형,이륜차,소형,943214  ,1926057 ,126.85899107,37.33178491
2016,2016052107,00,주간,토,1,1,0,0,0,경기,고양시,차량단독,공작물충돌,공작물충돌,운전자법규위반,안전운전 의무 불이행,단일로,기타단일로,원동기장치자전거,원동기장치자전거,,,941591  ,1959161 ,126.8380445,37.63005374
2016,2016052223,38,야간,일,1,1,0,0,0,서울,은평구,차량단독,공작물충돌,공작물충돌,운전자법규위반,안전운전 의무 불이행,단일로,기타단일로,원동기장치자전거,원동기장치자전거,,,946131  ,1954100 ,126.88986674,37.58471643
2016,2016052105,55,야간,토,1,1,0,0,0,서울,강북구,차량단독,전도전복,전도전복,운전자법규위반,안전운전 의무 불이행,단일로,기타단일로,이륜차,소형,,,959336  ,1959305 ,127.03913522,37.6323085
2016,2016052515,36,주간,수,1,1,0,0,0,부산,사하구,차대사람,기타,기타,운전자법규위반,안전운전 의무 불이행,단일로,기타단일로,승합차,중형,보행자,보행자,1136216 ,1679609 ,128.98379589,35.0988882
2016,2016052913,44,주간,일,1,1,0,0,0,경북,상주시,차대차,추돌,진행중 추돌,운전자법규위반,안전운전 의무 불이행,교차로,교차로부근,원동기장치자전거,원동기장치자전거,승용차,소형,1059253 ,1823360 ,128.1608332,36.40591792
2016,2016052918,00,야간,일,1,1,0,0,0,세종,세종,차량단독,전도전복,전도전복,운전자법규위반,안전운전 의무 불이행,단일로,기타단일로,승용차,경형,,,987427  ,1838086 ,127.35953324,36.54042182
2016,2016052917,26,주간,일,1,1,0,0,0,서울,관악구,차대사람,차도통행중,차도통행중,운전자법규위반,기타(운전자법규위반),교차로,교차로부근,승합차,대형,보행자,보행자,948757  ,1941794 ,126.92046682,37.47395049
2016,2016060416,55,주간,토,1,3,0,2,0,울산,남구,차대차,측면직각충돌,측면직각충돌,운전자법규위반,중앙선 침범,단일로,기타단일로,승용차,중형,특수차,대형,1167080 ,1724812 ,129.34227085,35.50516849
2016,2016050509,58,주간,목,1,1,0,0,0,대전,유성구,차대차,기타,기타,운전자법규위반,안전운전 의무 불이행,교차로,교차로부근,승용차,대형,자전거,자전거,985730  ,1817275 ,127.34095766,36.35278193
2016,2016050419,35,야간,수,1,3,0,2,0,전북,고창군,차대차,측면직각충돌,측면직각충돌,운전자법규위반,안전운전 의무 불이행,교차로,교차로내,화물차,소형,승용차,소형,919209  ,1720748 ,126.60942265,35.47930768
2016,2016050913,35,주간,월,1,1,0,0,0,경북,경산시,차대사람,횡단중,횡단중,운전자법규위반,안전운전 의무 불이행,교차로,교차로내,화물차,소형,보행자,보행자,1120667 ,1756055 ,128.83533512,35.79352303
2016,2016050912,26,주간,월,1,1,0,0,0,경기,남양주시,차대사람,횡단중,횡단중,운전자법규위반,과속,기타/불명,기타/불명,화물차,소형,보행자,보행자,973423  ,1963731 ,127.19862626,37.67271699
2016,2016050908,05,주간,월,1,1,0,0,0,경기,부천시,차대사람,횡단중,횡단중,운전자법규위반,안전운전 의무 불이행,교차로,교차로부근,화물차,중형,보행자,보행자,938874  ,1944060 ,126.80851357,37.49377298
2016,2016051010,53,주간,화,1,1,0,0,0,강원,강릉시,차대사람,횡단중,횡단중,운전자법규위반,보행자 보호의무 위반,단일로,횡단보도상,승용차,경형,보행자,보행자,1122419 ,1972075 ,128.90503328,37.76140338
2016,2016051014,18,주간,화,1,1,0,0,0,경북,김천시,차량단독,전도전복,전도전복,운전자법규위반,안전운전 의무 불이행,단일로,기타단일로,화물차,소형,,,1055849 ,1790019 ,128.12048991,36.10555197
2016,2016050813,10,주간,일,1,2,1,0,0,경북,구미시,차량단독,전도전복,전도전복,운전자법규위반,안전운전 의무 불이행,단일로,기타단일로,원동기장치자전거,원동기장치자전거,,,1082527 ,1795275 ,128.41740868,36.15103128
2016,2016051311,04,주간,금,1,1,0,0,0,충북,영동군,차대사람,기타,기타,운전자법규위반,안전운전 의무 불이행,기타/불명,기타/불명,승합차,대형,보행자,보행자,1044843 ,1801759 ,127.99888654,36.21196316
2016,2016051317,15,주간,금,1,1,0,0,0,서울,노원구,차대차,추돌,진행중 추돌,운전자법규위반,안전운전 의무 불이행,교차로,교차로부근,승용차,중형,자전거,자전거,962164  ,1962902 ,127.07099901,37.66484976
2016,2016051201,40,야간,목,1,3,2,0,0,부산,금정구,차대사람,기타,기타,운전자법규위반,기타(운전자법규위반),단일로,기타단일로,승용차,중형,보행자,보행자,1144230 ,1698809 ,129.08581272,35.27438665
2016,2016051621,10,야간,월,1,1,0,0,0,경기,안성시,차대차,측면직각충돌,측면직각충돌,운전자법규위반,안전운전 의무 불이행,교차로,교차로내,자전거,자전거,승용차,경형,979613  ,1889543 ,127.27085867,37.00415667
2016,2016052017,55,주간,금,1,1,0,0,0,광주,광산구,차대사람,횡단중,횡단중,운전자법규위반,과속,단일로,기타단일로,승용차,중형,보행자,보행자,940726  ,1691088 ,126.8487431,35.21340033
2016,2016052420,53,야간,화,1,1,0,0,0,충북,청주시,차대사람,기타,기타,운전자법규위반,과속,단일로,기타단일로,승용차,중형,보행자,보행자,1002751 ,1858143 ,127.53080636,36.72131422
2016,2016052319,18,야간,월,1,1,0,0,0,경북,경산시,차대사람,횡단중,횡단중,운전자법규위반,과속,단일로,기타단일로,승용차,경형,보행자,보행자,1114348 ,1763751 ,128.76652496,35.86365095
2016,2016052420,51,야간,화,1,1,0,0,0,충남,천안시,차대사람,횡단중,횡단중,운전자법규위반,안전운전 의무 불이행,단일로,횡단보도상,승용차,경형,보행자,보행자,966634  ,1872628 ,127.12572857,36.85130773
2016,2016052417,25,주간,화,2,4,0,2,0,경기,시흥시,차대차,정면충돌,정면충돌,운전자법규위반,중앙선 침범,단일로,기타단일로,승합차,중형,승용차,중형,938470  ,1935243 ,126.80467972,37.4142779
2016,2016052707,25,주간,금,1,1,0,0,0,인천,연수구,차대차,측면직각충돌,측면직각충돌,운전자법규위반,안전운전 의무 불이행,교차로,교차로부근,승용차,대형,자전거,자전거,923600  ,1932689 ,126.63692097,37.39015159
2016,2016052911,20,주간,일,1,1,0,0,0,전북,완주군,차대차,추돌,진행중 추돌,운전자법규위반,안전운전 의무 불이행,단일로,터널안,승용차,경형,원동기장치자전거,원동기장치자전거,971268  ,1772208 ,127.18142455,35.94615362
2016,2016052921,00,야간,일,1,4,2,1,0,경남,진주시,차대차,측면직각충돌,측면직각충돌,운전자법규위반,과속,단일로,기타단일로,승용차,중형,화물차,경형,1053483 ,1701883 ,128.08833613,35.31105978
2016,2016052917,21,주간,일,1,1,0,0,0,충남,아산시,차대차,추돌,진행중 추돌,운전자법규위반,중앙선 침범,단일로,기타단일로,자전거,자전거,승용차,경형,955446  ,1865128 ,127.00067424,36.78323865
2016,2016060504,02,야간,일,1,1,0,0,0,경기,평택시,차대사람,기타,기타,운전자법규위반,안전운전 의무 불이행,교차로,교차로부근,승용차,소형,보행자,보행자,962582  ,1889968 ,127.07941988,37.00746381
2016,2016060408,38,주간,토,1,1,0,0,0,경기,남양주시,차량단독,공작물충돌,공작물충돌,운전자법규위반,안전운전 의무 불이행,교차로,교차로부근,승용차,경형,,,965622  ,1960769 ,127.11030693,37.64576065
2016,2016060414,30,주간,토,1,3,1,1,0,경남,하동군,차대차,측면직각충돌,측면직각충돌,운전자법규위반,안전운전 의무 불이행,교차로,교차로내,승용차,경형,승용차,경형,1036708 ,1670171 ,127.90239771,35.02587073
2016,2016050512,29,주간,목,1,1,0,0,0,경북,경산시,차대사람,횡단중,횡단중,운전자법규위반,안전운전 의무 불이행,교차로,교차로내,화물차,소형,보행자,보행자,1111719 ,1749872 ,128.73547319,35.73884715
2016,2016050922,45,야간,월,1,1,0,0,0,경남,남해군,차대사람,기타,기타,운전자법규위반,안전운전 의무 불이행,단일로,기타단일로,승용차,경형,보행자,보행자,1036484 ,1649674 ,127.89904616,34.84105082
2016,2016051008,00,주간,화,1,2,1,0,0,강원,속초시,차대차,측면직각충돌,측면직각충돌,운전자법규위반,중앙선 침범,단일로,기타단일로,승용차,중형,승용차,대형,1096482 ,2020703 ,128.6016206,38.18142333
2016,2016051408,47,주간,토,1,1,0,0,0,충북,청주시,차대차,측면직각충돌,측면직각충돌,운전자법규위반,신호위반,교차로,교차로내,승용차,소형,이륜차,대형,994214  ,1849598 ,127.43527157,36.6442682
2016,2016051122,40,야간,수,1,1,0,0,0,전북,군산시,차량단독,전도전복,전도전복,운전자법규위반,안전운전 의무 불이행,단일로,기타단일로,승용차,중형,,,938937  ,1769859 ,126.82310846,35.92341833
2016,2016051212,50,주간,목,1,2,0,1,0,경남,창녕군,차대차,측면직각충돌,측면직각충돌,운전자법규위반,안전운전 의무 불이행,교차로,교차로내,승합차,소형,이륜차,중형,1087147 ,1711077 ,128.45959736,35.39158122
2016,2016051810,30,주간,수,1,1,0,0,0,충북,청주시,차대사람,기타,기타,운전자법규위반,안전운전 의무 불이행,지하도로내,지하도로내,화물차,소형,보행자,보행자,999248  ,1855621 ,127.4915814,36.69858241
2016,2016052021,20,야간,금,1,1,0,0,0,경북,구미시,차대사람,횡단중,횡단중,운전자법규위반,안전운전 의무 불이행,교차로,교차로내,화물차,중형,보행자,보행자,1074587 ,1792203 ,128.32886136,36.12398146
2016,2016051800,15,야간,수,1,1,0,0,0,경북,안동시,차대사람,차도통행중,차도통행중,운전자법규위반,안전운전 의무 불이행,단일로,기타단일로,승용차,중형,보행자,보행자,1110529 ,1841605 ,128.73521721,36.56582933
2016,2016052420,35,야간,화,1,1,0,0,0,전북,김제시,차대차,측면직각충돌,측면직각충돌,운전자법규위반,중앙선 침범,단일로,기타단일로,자전거,자전거,화물차,소형,949659  ,1768174 ,126.94209127,35.90890957
2016,2016052323,00,야간,월,1,2,1,0,0,충남,예산군,차대차,정면충돌,정면충돌,운전자법규위반,직진 및 우회전차의 통행방해,교차로,교차로내,화물차,소형,승용차,대형,941009  ,1856724 ,126.83953391,36.70669401
2016,2016060321,30,야간,금,1,1,0,0,0,서울,강남구,차대차,측면직각충돌,측면직각충돌,운전자법규위반,신호위반,교차로,교차로부근,승용차,중형,이륜차,중형,960852  ,1946825 ,127.05698321,37.51988863
2016,2016060405,19,야간,토,1,1,0,0,0,전북,익산시,차량단독,전도전복,전도전복,운전자법규위반,안전운전 의무 불이행,단일로,기타단일로,이륜차,사발이,,,949139  ,1788157 ,126.93504507,36.08903954
2016,2016060413,50,주간,토,1,3,2,0,0,강원,양양군,차대차,정면충돌,정면충돌,운전자법규위반,중앙선 침범,교차로,교차로부근,승용차,경형,승용차,대형,1104355 ,2004523 ,128.6891303,38.03475117
2016,2016072910,30,주간,금,1,1,0,0,0,제주,서귀포시,차량단독,전도전복,전도전복,운전자법규위반,안전운전 의무 불이행,교차로,교차로내,농기계,농기계,,,888297  ,1477885 ,126.3003809,33.28658193
2016,2016072513,50,주간,월,1,1,0,0,0,경남,합천군,차량단독,전도전복,전도전복,운전자법규위반,안전운전 의무 불이행,단일로,기타단일로,건설기계,건설기계,,,1073020 ,1728517 ,128.30562333,35.54995299
2016,2016073109,10,주간,일,1,1,0,0,0,강원,강릉시,차대사람,횡단중,횡단중,운전자법규위반,안전운전 의무 불이행,교차로,교차로부근,승용차,경형,보행자,보행자,1116368 ,1988215 ,128.82334713,37.88634312
2016,2016073107,25,주간,일,1,1,0,0,0,경남,창녕군,차대차,정면충돌,정면충돌,운전자법규위반,안전운전 의무 불이행,단일로,기타단일로,화물차,소형,이륜차,소형,1082270 ,1734364 ,128.40826188,35.60194132
2016,2016073108,10,주간,일,1,1,0,0,0,전남,고흥군,차대사람,횡단중,횡단중,운전자법규위반,안전운전 의무 불이행,단일로,기타단일로,화물차,소형,보행자,보행자,977012  ,1618075 ,127.24942605,34.55649198
2016,2016073102,55,야간,일,1,1,0,0,0,인천,남구,차대사람,횡단중,횡단중,운전자법규위반,안전운전 의무 불이행,단일로,횡단보도상,승용차,중형,보행자,보행자,928767  ,1940113 ,126.69456986,37.4574749
2016,2016080614,35,주간,토,1,3,1,0,1,충남,부여군,차대차,측면직각충돌,측면직각충돌,운전자법규위반,중앙선 침범,단일로,기타단일로,화물차,소형,화물차,소형,944350  ,1801988 ,126.88087306,36.21346605
2016,2016080520,35,야간,금,1,4,2,1,0,전남,목포시,차대차,정면충돌,정면충돌,운전자법규위반,직진 및 우회전차의 통행방해,교차로,교차로내,승용차,중형,승용차,중형,895574  ,1640646 ,126.35904398,34.75494775
2016,2016081008,00,주간,수,1,1,0,0,0,경북,상주시,차대차,측면직각충돌,측면직각충돌,운전자법규위반,교차로 통행방법 위반,단일로,기타단일로,원동기장치자전거,원동기장치자전거,화물차,소형,1058574 ,1830548 ,128.15380427,36.4707572
2016,2016080612,15,주간,토,1,2,1,0,0,전남,신안군,차량단독,도로이탈,도로이탈 추락,운전자법규위반,안전운전 의무 불이행,단일로,기타단일로,이륜차,사발이,,,861898  ,1634636 ,125.99218418,34.6967667
2016,2016081221,20,야간,금,1,1,0,0,0,경기,이천시,차대사람,횡단중,횡단중,운전자법규위반,보행자 보호의무 위반,단일로,기타단일로,승용차,중형,보행자,보행자,995539  ,1919737 ,127.4496801,37.27654239
2016,2016081210,00,주간,금,1,1,0,0,0,경기,화성시,차대차,추돌,진행중 추돌,운전자법규위반,안전거리 미확보,단일로,기타단일로,이륜차,중형,화물차,소형,950214  ,1910565 ,126.93904104,37.19254798
2016,2016081607,00,주간,화,1,1,0,0,0,인천,서구,차대사람,횡단중,횡단중,운전자법규위반,신호위반,단일로,기타단일로,승용차,소형,보행자,보행자,927346  ,1951494 ,126.67737921,37.55993811
2016,2016082211,15,주간,월,1,1,0,0,0,충남,논산시,차대사람,횡단중,횡단중,운전자법규위반,안전운전 의무 불이행,단일로,터널안,승용차,대형,보행자,보행자,961202  ,1798044 ,127.06854712,36.17873242
2016,2016082212,50,주간,월,1,1,0,0,0,경기,파주시,차대사람,횡단중,횡단중,운전자법규위반,보행자 보호의무 위반,교차로,교차로내,화물차,소형,보행자,보행자,936281  ,1973518 ,126.77661384,37.75909541
2016,2016082006,35,주간,토,1,1,0,0,0,경북,영주시,차대사람,횡단중,횡단중,운전자법규위반,보행자 보호의무 위반,교차로,교차로내,화물차,소형,보행자,보행자,1100102 ,1870084 ,128.62243703,36.82366551
2016,2016081819,30,야간,목,1,1,0,0,0,경북,경주시,차대사람,길가장자리구역통행중,길가장자리구역통행중,운전자법규위반,안전운전 의무 불이행,단일로,기타단일로,승용차,중형,보행자,보행자,1157616 ,1771234 ,129.24707289,35.92508056
2016,2016082517,40,주간,목,1,2,0,1,0,경북,경주시,차대차,기타,기타,운전자법규위반,안전운전 의무 불이행,단일로,기타단일로,승용차,중형,이륜차,소형,1155859 ,1761058 ,129.22561487,35.83365603
2016,2016082205,30,야간,월,1,1,0,0,0,경북,예천군,차대차,측면직각충돌,측면직각충돌,운전자법규위반,안전운전 의무 불이행,교차로,교차로내,화물차,소형,농기계,농기계,1094247 ,1856435 ,128.55510902,36.70124517
2016,2016082204,45,야간,월,1,1,0,0,0,부산,금정구,차대사람,횡단중,횡단중,운전자법규위반,안전운전 의무 불이행,단일로,횡단보도상,화물차,소형,보행자,보행자,1144775 ,1696643 ,129.09142642,35.25477551
2016,2016082403,30,야간,수,1,1,0,0,0,강원,춘천시,차대사람,길가장자리구역통행중,길가장자리구역통행중,운전자법규위반,안전운전 의무 불이행,단일로,기타단일로,승용차,경형,보행자,보행자,1022193 ,1985329 ,127.75232183,37.86749989
2016,2016082209,40,주간,월,1,1,0,0,0,충남,홍성군,차대차,정면충돌,정면충돌,운전자법규위반,중앙선 침범,단일로,기타단일로,승용차,경형,화물차,소형,912739  ,1843322 ,126.5245811,36.58371644
2016,2016082819,40,야간,일,1,1,0,0,0,인천,계양구,차대사람,기타,기타,운전자법규위반,안전운전 의무 불이행,단일로,기타단일로,승용차,중형,보행자,보행자,933243  ,1951559 ,126.74426333,37.56082505
2016,2016082822,00,야간,일,1,1,0,0,0,경남,창원시(통합),차대사람,횡단중,횡단중,운전자법규위반,안전운전 의무 불이행,단일로,기타단일로,승용차,경형,보행자,보행자,1096885 ,1689208 ,128.56422518,35.19352329
2016,2016082809,59,주간,일,1,1,0,0,0,전북,순창군,차대차,측면직각충돌,측면직각충돌,운전자법규위반,신호위반,교차로,교차로내,이륜차,소형,승용차,대형,968008  ,1708118 ,127.147825,35.36819839
2016,2016090819,15,야간,목,1,1,0,0,0,경기,포천시,차대사람,횡단중,횡단중,운전자법규위반,과속,단일로,기타단일로,화물차,소형,보행자,보행자,974301  ,2011294 ,127.20688793,38.10142523
2016,2016072309,30,주간,토,1,1,0,0,0,경북,의성군,차대차,추돌,진행중 추돌,운전자법규위반,안전운전 의무 불이행,단일로,기타단일로,승용차,경형,농기계,농기계,1104535 ,1826370 ,128.66618309,36.42918661
2016,2016072304,15,야간,토,1,1,0,0,0,경북,칠곡군,차량단독,공작물충돌,공작물충돌,운전자법규위반,안전운전 의무 불이행,교차로,교차로부근,승용차,중형,,,1081619 ,1777247 ,128.40545145,35.98859103
2016,2016072301,45,야간,토,1,1,0,0,0,서울,강동구,차량단독,전도전복,전도전복,운전자법규위반,중앙선 침범,단일로,기타단일로,이륜차,대형,,,970437  ,1950608 ,127.16529715,37.55434357
2016,2016072810,00,주간,목,1,1,0,0,0,충남,부여군,차대차,측면직각충돌,측면직각충돌,운전자법규위반,중앙선 침범,단일로,기타단일로,이륜차,소형,화물차,소형,935165  ,1801306 ,126.77874972,36.20674562
2016,2016072704,20,야간,수,1,1,0,0,0,경기,고양시,차대차,추돌,진행중 추돌,운전자법규위반,안전운전 의무 불이행,단일로,기타단일로,승용차,소형,화물차,대형,932618  ,1961483 ,126.73614601,37.6503668
2016,2016072708,50,주간,수,1,1,0,0,0,전북,순창군,차대차,측면직각충돌,측면직각충돌,운전자법규위반,중앙선 침범,교차로,교차로부근,승합차,경형,승용차,경형,967609  ,1708447 ,127.14565529,35.37449481
2016,2016080103,00,야간,월,1,1,0,0,0,강원,속초시,차대사람,기타,기타,운전자법규위반,안전운전 의무 불이행,단일로,기타단일로,승용차,경형,보행자,보행자,1091587 ,2018884 ,128.54550464,38.1655431
2016,2016073122,10,야간,일,1,1,0,0,0,부산,북구,차대차,정면충돌,정면충돌,운전자법규위반,중앙선 침범,단일로,횡단보도상,원동기장치자전거,원동기장치자전거,승합차,대형,1136848 ,1691516 ,129.00346399,35.20967532
2016,2016072920,30,야간,금,1,1,0,0,0,서울,강동구,차대사람,차도통행중,차도통행중,운전자법규위반,안전운전 의무 불이행,교차로,교차로내,승용차,경형,보행자,보행자,967788  ,1950420 ,127.1353148,37.55256023
2016,2016073017,50,주간,토,1,1,0,0,0,충북,충주시,차대차,측면직각충돌,측면직각충돌,운전자법규위반,교차로 통행방법 위반,교차로,교차로내,승용차,중형,화물차,소형,1041573 ,1878126 ,127.96662949,36.90054298
2016,2016073023,30,야간,토,1,1,0,0,0,충북,제천시,차량단독,공작물충돌,공작물충돌,운전자법규위반,안전운전 의무 불이행,단일로,기타단일로,이륜차,중형,,,1043927 ,1902860 ,127.99449307,37.12339043
2016,2016072922,00,야간,금,1,1,0,0,0,세종,세종,차대사람,횡단중,횡단중,운전자법규위반,안전운전 의무 불이행,단일로,기타단일로,승용차,소형,보행자,보행자,981254  ,1847386 ,127.29034165,36.62416018
2016,2016081301,45,야간,토,1,2,1,0,0,경기,수원시,차량단독,전도전복,전도전복,운전자법규위반,안전운전 의무 불이행,단일로,기타단일로,원동기장치자전거,원동기장치자전거,,,960150  ,1918559 ,127.05056298,37.2650815
2016,2016081311,20,주간,토,1,1,0,0,0,충남,홍성군,차대차,측면직각충돌,측면직각충돌,운전자법규위반,교차로 통행방법 위반,교차로,교차로내,승용차,경형,이륜차,소형,925051  ,1842057 ,126.6623156,36.57336031
2016,2016081612,55,주간,화,2,2,0,0,0,경북,성주군,차대차,추돌,진행중 추돌,운전자법규위반,안전운전 의무 불이행,교차로,교차로부근,승합차,소형,농기계,농기계,1069457 ,1775207 ,128.27036381,35.97114249
2016,2016082011,00,주간,토,1,1,0,0,0,경기,용인시,차대사람,횡단중,횡단중,운전자법규위반,안전운전 의무 불이행,교차로,교차로내,승용차,중형,보행자,보행자,963460  ,1924699 ,127.08759097,37.32056175
2016,2016082305,30,야간,화,1,1,0,0,0,경기,광주시,차대차,측면직각충돌,측면직각충돌,운전자법규위반,신호위반,단일로,횡단보도상,화물차,소형,자전거,자전거,979607  ,1935197 ,127.2695431,37.41568339
2016,2016081805,13,야간,목,1,5,0,3,1,대구,수성구,차대차,측면직각충돌,측면직각충돌,운전자법규위반,안전운전 의무 불이행,단일로,기타단일로,승용차,경형,승용차,경형,1101659 ,1759633 ,128.63208835,35.82530637
2016,2016081806,50,주간,목,1,1,0,0,0,충남,홍성군,차량단독,전도전복,전도전복,운전자법규위반,안전운전 의무 불이행,단일로,기타단일로,농기계,농기계,,,925164  ,1833110 ,126.66444653,36.49271934
2016,2016081522,00,야간,월,1,1,0,0,0,경기,파주시,차대사람,차도통행중,차도통행중,운전자법규위반,안전운전 의무 불이행,교차로,교차로내,승합차,중형,보행자,보행자,944634  ,1983518 ,126.87067341,37.84976586
2016,2016081505,45,야간,월,1,1,0,0,0,충남,당진시,차량단독,전도전복,전도전복,운전자법규위반,안전운전 의무 불이행,단일로,기타단일로,승용차,경형,,,925683  ,1878579 ,126.66582388,36.90261444
2016,2016082021,38,야간,토,1,1,0,0,0,전북,정읍시,차량단독,전도전복,전도전복,운전자법규위반,안전운전 의무 불이행,단일로,기타단일로,화물차,대형,,,947613  ,1738093 ,126.92138536,35.63759712
2016,2016081915,10,주간,금,1,1,0,0,0,충남,홍성군,차량단독,전도전복,전도전복,운전자법규위반,안전운전 의무 불이행,단일로,기타단일로,승용차,경형,,,921814  ,1837194 ,126.62663366,36.52926524
2016,2016090811,20,주간,목,1,4,3,0,0,대전,동구,차대차,측면직각충돌,측면직각충돌,운전자법규위반,신호위반,교차로,교차로부근,승용차,경형,승용차,경형,997868  ,1814916 ,127.4762448,36.33161801
2016,2016091116,25,주간,일,1,1,0,0,0,경기,파주시,차대차,측면직각충돌,측면직각충돌,운전자법규위반,신호위반,교차로,교차로내,이륜차,소형,승합차,소형,933842  ,1968260 ,126.74940519,37.71153432
2016,2016092019,00,야간,화,1,1,0,0,0,충북,충주시,차대사람,기타,기타,운전자법규위반,과속,단일로,기타단일로,승용차,경형,보행자,보행자,1044253 ,1871270 ,127.99630977,36.83861907
2016,2016091402,44,야간,수,2,4,0,2,0,경북,영덕군,차대차,정면충돌,정면충돌,운전자법규위반,중앙선 침범,단일로,기타단일로,이륜차,중형,승용차,중형,1171309 ,1849745 ,129.41599501,36.63020114
2016,2016091510,15,주간,목,1,1,0,0,0,경북,청도군,차량단독,전도전복,전도전복,운전자법규위반,안전운전 의무 불이행,단일로,기타단일로,이륜차,사발이,,,1115132 ,1740707 ,128.77189575,35.65583883
2016,2016091401,52,야간,수,1,2,1,0,0,경기,군포시,차대사람,횡단중,횡단중,운전자법규위반,안전운전 의무 불이행,단일로,기타단일로,승용차,중형,보행자,보행자,949866  ,1929105 ,126.93387005,37.35964091
2016,2016091517,45,주간,목,1,1,0,0,0,경기,고양시,차량단독,기타,기타,운전자법규위반,안전운전 의무 불이행,단일로,기타단일로,자전거,자전거,,,929310  ,1963534 ,126.69845051,37.66860275