발생년,발생년월일시,발생분,주야,요일,사망자수,사상자수,중상자수,경상자수,부상신고자수,발생지시도,발생지시군구,사고유형_대분류,사고유형_중분류,사고유형,법규위반_대분류,법규위반,도로형태_대분류,도로형태,당사자종별_1당_대분류,당사자종별_1당,당사자종별_2당_대분류,당사자종별_2당,발생위치X_UTMK,발생위치Y_UTMK,경도,위도
2016,2016061419,00,야간,화,1,1,0,0,0,전남,순천시,차대사람,기타,기타,운전자법규위반,안전운전 의무 불이행,단일로,기타단일로,화물차,대형,보행자,보행자,1000913 ,1665686 ,127.51000361,34.98609427
2016,2016061323,11,야간,월,1,1,0,0,0,강원,홍천군,차대사람,횡단중,횡단중,운전자법규위반,안전운전 의무 불이행,교차로,교차로부근,승용차,중형,보행자,보행자,1044256 ,1980318 ,128.0028522,37.82153205
2016,2016061821,50,야간,토,1,1,0,0,0,강원,태백시,차대사람,횡단중,횡단중,운전자법규위반,안전운전 의무 불이행,단일로,기타단일로,승용차,중형,보행자,보행자,1132329 ,1907864 ,128.99032846,37.16015671
2016,2016062012,20,주간,월,1,1,0,0,0,경남,통영시,차량단독,공작물충돌,공작물충돌,운전자법규위반,안전운전 의무 불이행,단일로,기타단일로,승용차,소형,,,1084679 ,1652523 ,128.42642638,34.86386757
2016,2016061711,44,주간,금,1,1,0,0,0,충북,영동군,차대사람,횡단중,횡단중,운전자법규위반,안전운전 의무 불이행,교차로,교차로내,화물차,중형,보행자,보행자,1025163 ,1797743 ,127.77981738,36.17646915
2016,2016062404,36,야간,금,1,1,0,0,0,서울,광진구,차량단독,전도전복,전도전복,운전자법규위반,안전운전 의무 불이행,교차로,교차로내,화물차,소형,,,962909  ,1952556 ,127.07997085,37.57162918
2016,2016062408,38,주간,금,1,7,4,1,1,부산,사하구,차대차,기타,기타,운전자법규위반,중앙선 침범,교차로,교차로부근,특수차,대형,화물차,소형,1135522 ,1677767 ,128.98664431,35.08591947
2016,2016081322,50,야간,토,1,1,0,0,0,경기,수원시,차대사람,횡단중,횡단중,운전자법규위반,과속,교차로,교차로부근,승용차,중형,보행자,보행자,954073  ,1917050 ,126.98212076,37.25119986
2016,2016081217,10,주간,금,1,1,0,0,0,경남,함안군,차량단독,도로이탈,도로이탈 추락,운전자법규위반,안전운전 의무 불이행,교차로,교차로부근,이륜차,소형,,,1088930 ,1709624 ,128.47906958,35.3783241
2016,2016081219,45,야간,금,1,2,1,0,0,경남,밀양시,차대차,추돌,진행중 추돌,운전자법규위반,안전운전 의무 불이행,단일로,기타단일로,승용차,경형,농기계,농기계,1107791 ,1726463 ,128.68891351,35.52826391
2016,2016081422,07,야간,일,1,1,0,0,0,전북,임실군,차대사람,차도통행중,차도통행중,운전자법규위반,안전운전 의무 불이행,단일로,기타단일로,승용차,중형,보행자,보행자,974483  ,1741418 ,127.21805438,35.66863648
2016,2016082018,40,야간,토,1,1,0,0,0,충남,청양군,차량단독,전도전복,전도전복,운전자법규위반,안전운전 의무 불이행,단일로,기타단일로,이륜차,사발이,,,943314  ,1839577 ,126.86660556,36.55226379
2016,2016082217,00,주간,월,1,1,0,0,0,충남,천안시,차대사람,횡단중,횡단중,운전자법규위반,안전운전 의무 불이행,단일로,횡단보도부근,승용차,경형,보행자,보행자,970143  ,1865074 ,127.16538545,36.78332921
2016,2016082301,20,야간,화,1,3,1,1,0,대전,유성구,차대차,정면충돌,정면충돌,운전자법규위반,신호위반,교차로,교차로내,승용차,소형,승용차,중형,990446  ,1819658 ,127.39348916,36.37432397
2016,2016082613,08,주간,금,2,2,0,0,0,울산,울주군,차량단독,전도전복,전도전복,운전자법규위반,안전운전 의무 불이행,교차로,교차로내,승용차,중형,,,1145116 ,1726895 ,129.10055315,35.52739777
2016,2016082704,58,야간,토,1,1,0,0,0,충남,아산시,차대차,추돌,진행중 추돌,운전자법규위반,안전운전 의무 불이행,교차로,교차로부근,원동기장치자전거,원동기장치자전거,화물차,중형,955023  ,1863513 ,126.99602907,36.76866036
2016,2016082708,24,주간,토,1,1,0,0,0,서울,마포구,차대사람,횡단중,횡단중,운전자법규위반,안전운전 의무 불이행,단일로,기타단일로,승용차,경형,보행자,보행자,950693  ,1949809 ,126.94182336,37.54629683
2016,2016090801,50,야간,목,1,2,1,0,0,부산,연제구,차대사람,차도통행중,차도통행중,운전자법규위반,기타(운전자법규위반),단일로,기타단일로,승용차,대형,보행자,보행자,1143957 ,1689194 ,129.08113458,35.18775062
2016,2016072214,40,주간,금,1,1,0,0,0,경남,거제시,차대차,정면충돌,정면충돌,운전자법규위반,중앙선 침범,단일로,기타단일로,승용차,경형,화물차,소형,1098571 ,1653773 ,128.57853609,34.87388487
2016,2016072208,51,주간,금,1,1,0,0,0,서울,성북구,차대사람,횡단중,횡단중,운전자법규위반,보행자 보호의무 위반,교차로,교차로내,승용차,중형,보행자,보행자,957920  ,1953577 ,127.02341702,37.58061717
2016,2016072220,10,야간,금,1,1,0,0,0,광주,북구,차대차,측면직각충돌,측면직각충돌,운전자법규위반,과속,단일로,기타단일로,화물차,소형,자전거,자전거,945957  ,1694368 ,126.90599889,35.24327034
2016,2016072221,03,야간,금,1,2,0,1,0,충북,음성군,차대사람,횡단중,횡단중,운전자법규위반,신호위반,교차로,교차로내,승용차,경형,보행자,보행자,1016862 ,1881047 ,127.68933228,36.92763993
2016,2016072907,07,주간,금,1,1,0,0,0,강원,강릉시,차대차,기타,기타,운전자법규위반,안전운전 의무 불이행,단일로,기타단일로,화물차,소형,원동기장치자전거,원동기장치자전거,1125774 ,1972130 ,128.92748973,37.7401603
2016,2016072716,40,주간,수,1,1,0,0,0,충남,천안시,차대차,측면직각충돌,측면직각충돌,운전자법규위반,중앙선 침범,단일로,기타단일로,화물차,소형,원동기장치자전거,원동기장치자전거,982798  ,1863366 ,127.30725062,36.76824647
2016,2016072615,10,주간,화,1,2,0,1,0,경기,김포시,차대차,정면충돌,정면충돌,운전자법규위반,중앙선 침범,단일로,기타단일로,승용차,중형,화물차,소형,917119  ,1964999 ,126.56006679,37.68078528
2016,2016072710,15,주간,수,1,1,0,0,0,전남,담양군,차대사람,기타,기타,운전자법규위반,안전운전 의무 불이행,단일로,기타단일로,승용차,중형,보행자,보행자,949877  ,1695382 ,126.94902096,35.25261701
2016,2016072715,31,주간,수,1,1,0,0,0,경남,창원시(통합),차대차,측면직각충돌,측면직각충돌,운전자법규위반,안전운전 의무 불이행,교차로,교차로내,승용차,경형,자전거,자전거,1102442 ,1696633 ,128.62618002,35.25991057
2016,2016080121,45,야간,월,1,1,0,0,0,부산,서구,차대사람,횡단중,횡단중,운전자법규위반,보행자 보호의무 위반,단일로,기타단일로,승용차,대형,보행자,보행자,1138339 ,1681231 ,129.0181155,35.11676163
2016,2016080506,20,주간,금,1,1,0,0,0,경남,창녕군,차대차,측면직각충돌,측면직각충돌,운전자법규위반,안전운전 의무 불이행,교차로,교차로내,자전거,자전거,화물차,소형,1088217 ,1726608 ,128.47306284,35.53150604
2016,2016080209,45,주간,화,1,1,0,0,0,경북,의성군,차대차,기타,기타,운전자법규위반,안전운전 의무 불이행,교차로,교차로부근,승용차,경형,이륜차,소형,1076293 ,1828537 ,128.35136848,36.45138223
2016,2016080912,00,주간,화,1,2,0,1,0,충남,보령시,차대사람,기타,기타,운전자법규위반,중앙선 침범,단일로,기타단일로,승용차,중형,보행자,보행자,915144  ,1828377 ,126.55310406,36.44922024
2016,2016080710,00,주간,일,1,1,0,0,0,충남,천안시,차대사람,횡단중,횡단중,운전자법규위반,보행자 보호의무 위반,단일로,횡단보도상,승용차,경형,보행자,보행자,973425  ,1875155 ,127.20181468,36.87430284
2016,2016081403,00,야간,일,1,2,0,1,0,광주,광산구,차대차,정면충돌,정면충돌,운전자법규위반,차로위반(진로변경 위반),단일로,기타단일로,승용차,중형,승용차,경형,934291  ,1679419 ,126.77897415,35.10778602
2016,2016081109,38,주간,목,1,1,0,0,0,강원,속초시,차대차,추돌,진행중 추돌,운전자법규위반,안전운전 의무 불이행,단일로,기타단일로,원동기장치자전거,원동기장치자전거,승합차,경형,1096774 ,2019767 ,128.60482668,38.17295776
2016,2016082217,10,주간,월,1,1,0,0,0,강원,평창군,차대사람,기타,기타,운전자법규위반,안전운전 의무 불이행,단일로,기타단일로,화물차,소형,보행자,보행자,1080065 ,1930632 ,128.40425472,37.371303
2016,2016082020,30,야간,토,1,1,0,0,0,경남,남해군,차량단독,전도전복,전도전복,운전자법규위반,안전운전 의무 불이행,단일로,기타단일로,승용차,경형,,,1036254 ,1648696 ,127.89648828,34.83223996
2016,2016082214,10,주간,월,1,1,0,0,0,경북,군위군,차대사람,횡단중,횡단중,운전자법규위반,안전운전 의무 불이행,교차로,교차로내,화물차,중형,보행자,보행자,1108988 ,1797910 ,128.71187502,36.17216797
2016,2016081908,16,주간,금,1,1,0,0,0,경기,수원시,차대차,측면직각충돌,측면직각충돌,운전자법규위반,안전거리 미확보,단일로,기타단일로,승합차,대형,이륜차,소형,955844  ,1918524 ,127.00200264,37.26457171
2016,2016081907,20,주간,금,1,1,0,0,0,경북,영천시,차대사람,횡단중,횡단중,운전자법규위반,안전운전 의무 불이행,단일로,기타단일로,승용차,중형,보행자,보행자,1135530 ,1778352 ,129.0035612,35.99254704
2016,2016082521,50,야간,목,1,1,0,0,0,충남,예산군,차대사람,횡단중,횡단중,운전자법규위반,안전운전 의무 불이행,단일로,기타단일로,승용차,중형,보행자,보행자,938141  ,1854331 ,126.80761919,36.68494048
2016,2016082407,05,주간,수,1,1,0,0,0,전북,군산시,차량단독,전도전복,전도전복,운전자법규위반,안전운전 의무 불이행,교차로,교차로부근,승용차,경형,,,931118  ,1775085 ,126.73602373,35.97008341
2016,2016082623,50,야간,금,1,1,0,0,0,충북,제천시,차대사람,횡단중,횡단중,운전자법규위반,안전운전 의무 불이행,단일로,기타단일로,화물차,소형,보행자,보행자,1062282 ,1904689 ,128.20125825,37.13883437
2016,2016082919,40,야간,월,1,1,0,0,0,전북,부안군,차대사람,횡단중,횡단중,운전자법규위반,과속,단일로,기타단일로,승용차,경형,보행자,보행자,925145  ,1741357 ,126.67294257,35.66557625
2016,2016082714,24,주간,토,1,1,0,0,0,경기,성남시,차대차,추돌,진행중 추돌,운전자법규위반,중앙선 침범,단일로,기타단일로,승용차,중형,이륜차,소형,962294  ,1928664 ,127.07422953,37.35625433
2016,2016090817,20,주간,목,1,1,0,0,0,충북,청주시,차량단독,전도전복,전도전복,운전자법규위반,안전운전 의무 불이행,단일로,기타단일로,자전거,자전거,,,996351  ,1829295 ,127.4592745,36.46124508
2016,2016091810,15,주간,일,1,1,0,0,0,경남,창원시(통합),차대차,측면직각충돌,측면직각충돌,운전자법규위반,안전운전 의무 불이행,교차로,교차로부근,자전거,자전거,승용차,중형,1099008 ,1693764 ,128.5880894,35.23439071
2016,2016092114,35,주간,수,1,1,0,0,0,충남,태안군,차대사람,횡단중,횡단중,운전자법규위반,안전운전 의무 불이행,교차로,교차로내,승합차,중형,보행자,보행자,897021  ,1835943 ,126.34989808,36.51564027
2016,2016092019,45,야간,화,1,1,0,0,0,경기,파주시,차대사람,횡단중,횡단중,운전자법규위반,보행자 보호의무 위반,교차로,교차로부근,승합차,대형,보행자,보행자,941933  ,1981251 ,126.84015593,37.82916635
2016,2016072411,30,주간,일,1,1,0,0,0,경북,영천시,차량단독,전도전복,전도전복,운전자법규위반,안전운전 의무 불이행,단일로,기타단일로,화물차,소형,,,1119982 ,1782412 ,128.83173275,36.03117951
2016,2016072808,25,주간,목,1,1,0,0,0,경북,포항시,차대차,기타,기타,운전자법규위반,안전운전 의무 불이행,교차로,교차로내,화물차,소형,자전거,자전거,1166548 ,1780828 ,129.34804774,36.01005365
2016,2016082100,35,야간,일,2,3,1,0,0,대구,달성군,차대차,추돌,진행중 추돌,운전자법규위반,과속,단일로,기타단일로,이륜차,소형,원동기장치자전거,원동기장치자전거,1083860 ,1748765 ,128.42736356,35.73154511
2016,2016082600,50,야간,금,1,2,1,0,0,경기,안성시,차대사람,횡단중,횡단중,운전자법규위반,보행자 보호의무 위반,교차로,교차로내,승용차,대형,보행자,보행자,970734  ,1889080 ,127.17108168,36.99974845
2016,2016082817,20,주간,일,1,1,0,0,0,전북,전주시,차대사람,횡단중,횡단중,운전자법규위반,보행자 보호의무 위반,교차로,교차로내,승합차,대형,보행자,보행자,966830  ,1755501 ,127.13291306,35.79538341
2016,2016082818,50,야간,일,1,1,0,0,0,경북,경산시,차대사람,횡단중,횡단중,운전자법규위반,보행자 보호의무 위반,단일로,횡단보도상,승용차,경형,보행자,보행자,1111781 ,1760002 ,128.73757352,35.83015356
2016,2016082821,08,야간,일,1,1,0,0,0,대구,동구,차대사람,횡단중,횡단중,운전자법규위반,보행자 보호의무 위반,단일로,횡단보도상,승용차,중형,보행자,보행자,1108590 ,1764706 ,128.69407845,35.98813705
2016,2016082907,50,주간,월,1,1,0,0,0,부산,동래구,차대사람,차도통행중,차도통행중,운전자법규위반,안전운전 의무 불이행,교차로,교차로내,승합차,중형,보행자,보행자,1145420 ,1689936 ,129.09732319,35.19428479
2016,2016091210,10,주간,월,1,1,0,0,0,전남,영광군,차량단독,전도전복,전도전복,운전자법규위반,안전운전 의무 불이행,단일로,기타단일로,이륜차,소형,,,915558  ,1701232 ,126.57120115,35.30305423
2016,2016090805,30,야간,목,1,1,0,0,0,인천,부평구,차대차,기타,기타,운전자법규위반,신호위반,교차로,교차로부근,승용차,중형,자전거,자전거,931502  ,1943437 ,126.72518261,37.48764043
2016,2016091309,53,주간,화,1,1,0,0,0,광주,북구,차대차,추돌,진행중 추돌,운전자법규위반,안전운전 의무 불이행,단일로,기타단일로,화물차,소형,자전거,자전거,945695  ,1685298 ,126.90371739,35.16147516
2016,2016090721,15,야간,수,1,1,0,0,0,울산,북구,차대사람,횡단중,횡단중,운전자법규위반,안전운전 의무 불이행,단일로,기타단일로,승용차,중형,보행자,보행자,1168223 ,1732705 ,129.356507,35.57610627
2016,2016091120,40,야간,일,1,1,0,0,0,전남,여수시,차대사람,횡단중,횡단중,운전자법규위반,안전운전 의무 불이행,단일로,기타단일로,승용차,중형,보행자,보행자,1005221 ,1646232 ,127.55708421,34.81065305
2016,2016090903,35,야간,금,1,1,0,0,0,충북,청주시,차량단독,기타,기타,운전자법규위반,안전운전 의무 불이행,단일로,기타단일로,승용차,중형,,,1001093 ,1848767 ,127.5122263,36.63679371
2016,2016090909,00,주간,금,1,1,0,0,0,경북,청도군,차량단독,전도전복,전도전복,운전자법규위반,안전운전 의무 불이행,단일로,기타단일로,농기계,농기계,,,1123643 ,1743646 ,128.86634752,35.681301
2016,2016090913,05,주간,금,1,1,0,0,0,경북,상주시,차대차,추돌,진행중 추돌,운전자법규위반,안전운전 의무 불이행,교차로,교차로내,화물차,소형,자전거,자전거,1058345 ,1825337 ,128.15085579,36.42379565
2016,2016091310,30,주간,화,1,1,0,0,0,인천,서구,차대사람,횡단중,횡단중,운전자법규위반,안전운전 의무 불이행,교차로,교차로내,승합차,경형,보행자,보행자,927408  ,1944064 ,126.67870923,37.49318432
2016,2016071807,30,주간,월,1,1,0,0,0,충남,예산군,차대차,측면직각충돌,측면직각충돌,운전자법규위반,신호위반,교차로,교차로내,승용차,경형,승용차,경형,936589  ,1854849 ,126.79020611,36.68950757
2016,2016071814,44,주간,월,1,1,0,0,0,전북,무주군,차량단독,전도전복,전도전복,운전자법규위반,안전운전 의무 불이행,단일로,기타단일로,농기계,농기계,,,1028599 ,1779588 ,127.81736707,36.0126944
2016,2016072405,58,야간,일,1,1,0,0,0,서울,송파구,차대사람,횡단중,횡단중,운전자법규위반,신호위반,단일로,기타단일로,승용차,대형,보행자,보행자,965734  ,1944576 ,127.11160941,37.5005286
2016,2016072903,05,야간,금,1,1,0,0,0,경기,안산시,차대사람,횡단중,횡단중,운전자법규위반,안전운전 의무 불이행,교차로,교차로부근,승용차,소형,보행자,보행자,940577  ,1924698 ,126.82933492,37.31937081
2016,2016072804,45,야간,목,1,1,0,0,0,경기,동두천시,차대사람,기타,기타,운전자법규위반,안전운전 의무 불이행,단일로,기타단일로,승용차,경형,보행자,보행자,959864  ,1992554 ,127.04327883,37.93200325
2016,2016073110,28,주간,일,1,1,0,0,0,경기,수원시,차대차,측면직각충돌,측면직각충돌,운전자법규위반,교차로 통행방법 위반,교차로,교차로부근,자전거,자전거,승용차,중형,956518  ,1921941 ,127.00940398,37.29540315
2016,2016072923,55,야간,금,1,2,0,1,0,서울,마포구,차대사람,기타,기타,운전자법규위반,안전운전 의무 불이행,교차로,교차로내,승용차,대형,보행자,보행자,950597  ,1949306 ,126.94077051,37.54175806
2016,2016081106,40,주간,목,1,1,0,0,0,서울,강북구,차대사람,횡단중,횡단중,운전자법규위반,보행자 보호의무 위반,교차로,교차로내,승용차,중형,보행자,보행자,958890  ,1957165 ,127.034201,37.61300044
2016,2016081222,20,야간,금,1,1,0,0,0,충남,공주시,차대사람,차도통행중,차도통행중,운전자법규위반,안전운전 의무 불이행,단일로,기타단일로,승용차,중형,보행자,보행자,974167  ,1826260 ,127.21178771,36.43354281
2016,2016082119,35,야간,일,1,1,0,0,0,대전,동구,차대사람,횡단중,횡단중,운전자법규위반,보행자 보호의무 위반,단일로,횡단보도상,승용차,중형,보행자,보행자,994893  ,1802908 ,127.44317525,36.22334845
2016,2016082217,10,주간,월,1,2,0,1,0,서울,중구,차대차,추돌,진행중 추돌,운전자법규위반,안전운전 의무 불이행,단일로,기타단일로,이륜차,소형,이륜차,소형,957152  ,1952363 ,127.01479021,37.56963967
2016,2016082120,30,야간,일,1,1,0,0,0,경기,광주시,차대사람,차도통행중,차도통행중,운전자법규위반,안전운전 의무 불이행,교차로,교차로내,승용차,중형,보행자,보행자,978409  ,1933894 ,127.25604295,37.40391134
2016,2016082700,30,야간,토,1,1,0,0,0,충남,보령시,차대차,측면직각충돌,측면직각충돌,운전자법규위반,안전운전 의무 불이행,단일로,기타단일로,승용차,소형,자전거,자전거,918467  ,1817261 ,126.59134795,36.34930673
2016,2016091004,20,야간,토,1,1,0,0,0,서울,강동구,차대사람,횡단중,횡단중,운전자법규위반,신호위반,단일로,기타단일로,승용차,중형,보행자,보행자,971128  ,1951484 ,127.17308582,37.56226125
2016,2016091902,41,야간,월,1,1,0,0,0,서울,강북구,차량단독,전도전복,전도전복,운전자법규위반,안전운전 의무 불이행,단일로,기타단일로,원동기장치자전거,원동기장치자전거,,,956999  ,1958382 ,127.01270404,37.62388294
2016,2016071916,15,주간,화,1,1,0,0,0,서울,강동구,차대사람,횡단중,횡단중,운전자법규위반,보행자 보호의무 위반,교차로,교차로내,건설기계,건설기계,보행자,보행자,970588  ,1949637 ,127.16704563,37.54559636
2016,2016071915,10,주간,화,1,1,0,0,0,전북,완주군,차대사람,횡단중,횡단중,운전자법규위반,안전운전 의무 불이행,단일로,기타단일로,화물차,소형,보행자,보행자,974679  ,1750401 ,127.21993685,35.74963472
2016,2016072421,20,야간,일,1,1,0,0,0,경기,수원시,차대사람,횡단중,횡단중,운전자법규위반,안전운전 의무 불이행,단일로,기타단일로,승용차,중형,보행자,보행자,956388  ,1922141 ,127.00792553,37.29719979
2016,2016072419,55,야간,일,1,1,0,0,0,경북,구미시,차대사람,횡단중,횡단중,운전자법규위반,안전운전 의무 불이행,단일로,기타단일로,승용차,대형,보행자,보행자,1084424 ,1788886 ,128.43780882,36.09327394
2016,2016072411,25,주간,일,1,1,0,0,0,강원,원주시,차대차,정면충돌,정면충돌,운전자법규위반,안전운전 의무 불이행,단일로,기타단일로,화물차,소형,건설기계,건설기계,1040940 ,1925729 ,127.96212513,37.3296623
2016,2016072216,50,주간,금,1,1,0,0,0,경기,하남시,차대차,정면충돌,정면충돌,운전자법규위반,안전운전 의무 불이행,교차로,교차로내,승합차,대형,이륜차,소형,974680  ,1948470 ,127.21340822,37.53519914
2016,2016072207,05,주간,금,1,1,0,0,0,경북,문경시,차량단독,전도전복,전도전복,운전자법규위반,안전운전 의무 불이행,교차로,교차로부근,이륜차,사발이,,,1072400 ,1862776 ,128.31115525,36.76031882
2016,2016072818,20,야간,목,1,1,0,0,0,경북,예천군,차량단독,공작물충돌,공작물충돌,운전자법규위반,안전운전 의무 불이행,단일로,기타단일로,승용차,소형,,,1089339 ,1846865 ,128.49905571,36.61545952
2016,2016072605,05,야간,화,1,1,0,0,0,경기,파주시,차량단독,공작물충돌,공작물충돌,운전자법규위반,안전운전 의무 불이행,교차로,교차로내,승용차,중형,,,937913  ,1977810 ,126.79477282,37.79788956
2016,2016080123,03,야간,월,1,1,0,0,0,경남,남해군,차대사람,횡단중,횡단중,운전자법규위반,보행자 보호의무 위반,단일로,횡단보도상,승합차,중형,보행자,보행자,1036111 ,1651633 ,127.89505095,34.85872932
2016,2016072919,20,야간,금,1,1,0,0,0,서울,은평구,차대차,측면직각충돌,측면직각충돌,운전자법규위반,교차로 통행방법 위반,교차로,교차로내,원동기장치자전거,원동기장치자전거,승용차,중형,949248  ,1955876 ,126.92504582,37.60090084
2016,2016080517,07,주간,금,1,1,0,0,0,충남,태안군,차대사람,횡단중,횡단중,운전자법규위반,보행자 보호의무 위반,교차로,교차로내,화물차,소형,보행자,보행자,896598  ,1836498 ,126.34510041,36.52059703
2016,2016080505,50,야간,금,1,2,1,0,0,전남,완도군,차량단독,기타,기타,운전자법규위반,안전운전 의무 불이행,단일로,기타단일로,농기계,농기계,,,921087  ,1576121 ,126.64372858,34.17540462
2016,2016062520,20,야간,토,1,1,0,0,0,충남,공주시,차대사람,기타,기타,운전자법규위반,안전운전 의무 불이행,단일로,기타단일로,화물차,소형,보행자,보행자,959727  ,1829868 ,127.05050031,36.4655713
2016,2016063005,45,야간,목,1,3,1,1,0,충북,청주시,차대차,정면충돌,정면충돌,운전자법규위반,안전운전 의무 불이행,단일로,기타단일로,승용차,경형,승용차,경형,999583  ,1847173 ,127.4953363,36.62242435
2016,2016070216,08,주간,토,1,1,0,0,0,전남,신안군,차대사람,횡단중,횡단중,운전자법규위반,안전운전 의무 불이행,단일로,기타단일로,화물차,경형,보행자,보행자,882027  ,1674719 ,126.20625101,35.06064887
2016,2016070902,20,야간,토,1,2,1,0,0,전북,전주시,차량단독,전도전복,전도전복,운전자법규위반,안전운전 의무 불이행,단일로,기타단일로,이륜차,소형,,,965192  ,1759765 ,127.1146002,35.833771
2016,2016070618,45,야간,수,1,1,0,0,0,강원,춘천시,차량단독,전도전복,전도전복,운전자법규위반,안전운전 의무 불이행,단일로,기타단일로,원동기장치자전거,원동기장치자전거,,,1012971 ,1980339 ,127.64738381,37.82270249
2016,2016070800,08,야간,금,1,1,0,0,0,강원,철원군,차량단독,공작물충돌,공작물충돌,운전자법규위반,안전운전 의무 불이행,단일로,기타단일로,승용차,소형,,,978440  ,2027093 ,127.25361629,38.2439228
2016,2016071621,01,야간,토,1,1,0,0,0,경기,수원시,차대사람,횡단중,횡단중,운전자법규위반,안전운전 의무 불이행,기타/불명,기타/불명,승용차,소형,보행자,보행자,957138  ,1920445 ,127.01648534,37.28194749
2016,2016071800,40,야간,월,1,1,0,0,0,부산,북구,차대사람,횡단중,횡단중,운전자법규위반,안전운전 의무 불이행,단일로,기타단일로,승용차,소형,보행자,보행자,1137542 ,1691733 ,129.01130992,35.21163509
2016,2016060822,30,야간,수,1,1,0,0,0,인천,남동구,차대차,정면충돌,정면충돌,운전자법규위반,교차로 통행방법 위반,교차로,교차로내,승용차,경형,이륜차,중형,929882  ,1938957 ,126.707286,37.44714126
2016,2016060912,39,주간,목,1,1,0,0,0,전북,전주시,차대차,측면직각충돌,측면직각충돌,운전자법규위반,중앙선 침범,교차로,교차로내,자전거,자전거,화물차,소형,967831  ,1758091 ,127.14388654,35.81876831
2016,2016060713,35,주간,화,1,2,0,1,0,전북,순창군,차량단독,전도전복,전도전복,운전자법규위반,안전운전 의무 불이행,교차로,교차로부근,농기계,농기계,,,973565  ,1721486 ,127.20856299,35.48889622
2016,2016061107,55,주간,토,1,1,0,0,0,제주,서귀포시,차대차,측면직각충돌,측면직각충돌,운전자법규위반,서행 및 일시정지위반,교차로,교차로내,이륜차,소형,화물차,소형,924514  ,1476832 ,126.6892295,33.28032215
2016,2016061111,35,주간,토,1,4,3,0,0,경기,고양시,차대사람,기타,기타,운전자법규위반,안전운전 의무 불이행,단일로,기타단일로,승용차,중형,보행자,보행자,944196  ,1963979 ,126.86719717,37.67363974
2016,2016061010,14,주간,금,1,1,0,0,0,전남,순천시,차대사람,차도통행중,차도통행중,운전자법규위반,안전운전 의무 불이행,교차로,교차로내,화물차,소형,보행자,보행자,1001638 ,1662583 ,127.51794122,34.95811211
2016,2016061408,50,주간,화,1,3,1,1,0,경남,의령군,차대차,측면직각충돌,측면직각충돌,운전자법규위반,안전운전 의무 불이행,교차로,교차로내,승용차,중형,승용차,중형,1069278 ,1702644 ,128.26214019,35.31695098
2016,2016062320,20,야간,목,1,1,0,0,0,경북,구미시,차량단독,전도전복,전도전복,운전자법규위반,안전운전 의무 불이행,단일로,기타단일로,이륜차,소형,,,1076350 ,1794849 ,128.34852545,36.14726589
2016,2016062123,00,야간,화,1,1,0,0,0,경남,합천군,차대사람,기타,기타,운전자법규위반,안전운전 의무 불이행,단일로,기타단일로,화물차,중형,보행자,보행자,1053212 ,1748543 ,128.08841777,35.7317696
2016,2016062620,35,야간,일,1,1,0,0,0,전남,영암군,차대사람,횡단중,횡단중,운전자법규위반,안전운전 의무 불이행,교차로,교차로부근,승용차,중형,보행자,보행자,924450  ,1660300 ,126.67273636,34.9347099
2016,2016063002,05,야간,목,1,6,5,0,0,광주,광산구,차대차,정면충돌,정면충돌,운전자법규위반,과속,교차로,교차로내,승용차,중형,승용차,중형,935816  ,1687437 ,126.79508377,35.18017903
2016,2016062913,08,주간,수,1,1,0,0,0,서울,송파구,차량단독,전도전복,전도전복,운전자법규위반,안전운전 의무 불이행,단일로,기타단일로,화물차,중형,,,965601  ,1948382 ,127.11065093,37.53411187
2016,2016070523,00,야간,화,1,1,0,0,0,전북,김제시,차대사람,횡단중,횡단중,운전자법규위반,과속,교차로,교차로내,승용차,중형,보행자,보행자,945387  ,1756569 ,126.89554348,35.80405358
2016,2016070918,30,야간,토,1,2,1,0,0,충북,옥천군,차대차,측면직각충돌,측면직각충돌,운전자법규위반,중앙선 침범,단일로,기타단일로,승용차,중형,승용차,소형,1004236 ,1813377 ,127.54719004,36.31773627
2016,2016071710,17,주간,일,2,5,1,2,0,경기,고양시,차대차,추돌,진행중 추돌,운전자법규위반,안전운전 의무 불이행,단일로,기타단일로,승용차,중형,승용차,중형,943294  ,1953518 ,126.85778107,37.57930043
2016,2016060805,10,야간,수,1,1,0,0,0,경기,광명시,차대차,기타,기타,운전자법규위반,과속,지하도로내,지하도로내,승용차,중형,이륜차,소형,946475  ,1937895 ,126.894943,37.43867851
2016,2016060710,59,주간,화,1,1,0,0,0,전남,해남군,차량단독,공작물충돌,공작물충돌,운전자법규위반,안전운전 의무 불이행,기타/불명,기타/불명,승용차,소형,,,911298  ,1613163 ,126.53369839,34.50863031