발생년,발생년월일시,발생분,주야,요일,사망자수,사상자수,중상자수,경상자수,부상신고자수,발생지시도,발생지시군구,사고유형_대분류,사고유형_중분류,사고유형,법규위반_대분류,법규위반,도로형태_대분류,도로형태,당사자종별_1당_대분류,당사자종별_1당,당사자종별_2당_대분류,당사자종별_2당,발생위치X_UTMK,발생위치Y_UTMK,경도,위도
2016,2016010708,30,주간,목,1,3,2,0,0,강원,춘천시,차대차,측면직각충돌,측면직각충돌,운전자법규위반,중앙선 침범,단일로,교량위,승용차,중형,화물차,소형,1014922 ,1995907 ,127.66987421,37.96298744
2016,2016011207,15,주간,화,1,1,0,0,0,충남,논산시,차대차,추돌,진행중 추돌,운전자법규위반,안전운전 의무 불이행,단일로,기타단일로,승용차,중형,자전거,자전거,976793  ,1793020 ,127.24207299,36.13393725
2016,2016012106,15,주간,목,1,1,0,0,0,경기,안산시,차대사람,횡단중,횡단중,운전자법규위반,안전운전 의무 불이행,교차로,교차로부근,화물차,소형,보행자,보행자,942186  ,1925825 ,126.84740562,37.32963038
2016,2016011812,00,주간,월,1,1,0,0,0,경북,구미시,차대차,측면직각충돌,측면직각충돌,운전자법규위반,안전운전 의무 불이행,교차로,교차로부근,승용차,경형,자전거,자전거,1083308 ,1790356 ,128.42556882,36.10662179
2016,2016012421,50,야간,일,1,1,0,0,0,강원,속초시,차대사람,횡단중,횡단중,운전자법규위반,안전운전 의무 불이행,교차로,교차로내,승용차,중형,보행자,보행자,1095477 ,2021596 ,128.59026749,38.18957722
2016,2016012412,59,주간,일,1,1,0,0,0,경남,창원시(통합),차대차,추돌,진행중 추돌,운전자법규위반,안전운전 의무 불이행,교차로,교차로부근,승용차,경형,원동기장치자전거,원동기장치자전거,1103976 ,1694104 ,128.64272084,35.23695283
2016,2016012504,50,야간,월,1,1,0,0,0,대구,남구,차대사람,횡단중,횡단중,운전자법규위반,안전운전 의무 불이행,교차로,교차로내,승용차,중형,보행자,보행자,1095520 ,1760662 ,128.55765011,35.83782213
2016,2016020119,10,야간,월,1,1,0,0,0,충북,청주시,차대사람,기타,기타,운전자법규위반,안전운전 의무 불이행,기타/불명,기타/불명,승합차,경형,보행자,보행자,993968  ,1847092 ,127.43253925,36.62167513
2016,2016013011,55,주간,토,1,4,2,1,0,전남,나주시,차대차,정면충돌,정면충돌,운전자법규위반,중앙선 침범,단일로,기타단일로,승용차,중형,화물차,소형,926846  ,1670290 ,126.69809227,35.02496141
2016,2016013100,25,야간,일,1,3,2,0,0,전북,정읍시,차량단독,도로이탈,도로이탈 추락,운전자법규위반,과속,단일로,기타단일로,승용차,중형,,,943297  ,1732549 ,126.87694468,35.58526903
2016,2016013106,20,주간,일,1,5,2,2,0,경북,칠곡군,차량단독,전도전복,전도전복,운전자법규위반,안전운전 의무 불이행,단일로,기타단일로,승용차,중형,,,1080568 ,1776654 ,128.39373303,35.98333264
2016,2016013118,05,야간,일,1,1,0,0,0,충남,서천군,차대차,추돌,진행중 추돌,운전자법규위반,안전운전 의무 불이행,단일로,기타단일로,승용차,대형,화물차,소형,928995  ,1779877 ,126.7120498,36.01313157
2016,2016020513,40,주간,금,1,1,0,0,0,경기,파주시,차대사람,기타,기타,운전자법규위반,안전운전 의무 불이행,단일로,기타단일로,승용차,경형,보행자,보행자,936839  ,1971954 ,126.78308424,37.74503845
2016,2016020601,30,야간,토,1,1,0,0,0,경기,성남시,차대사람,횡단중,횡단중,운전자법규위반,안전운전 의무 불이행,단일로,기타단일로,승합차,경형,보행자,보행자,968164  ,1937616 ,127.14012578,37.4371645
2016,2016020614,20,주간,토,1,1,0,0,0,서울,송파구,차대차,추돌,진행중 추돌,운전자법규위반,안전운전 의무 불이행,지하도로내,지하도로내,화물차,소형,승용차,중형,964678  ,1944886 ,127.10037216,37.50256605
2016,2016020523,15,야간,금,1,1,0,0,0,경기,고양시,차대사람,차도통행중,차도통행중,운전자법규위반,과속,단일로,기타단일로,승용차,경형,보행자,보행자,944367  ,1959960 ,126.86944257,37.63742736
2016,2016020521,00,야간,금,1,1,0,0,0,충남,보령시,차대사람,기타,기타,운전자법규위반,안전운전 의무 불이행,단일로,기타단일로,화물차,중형,보행자,보행자,921097  ,1818731 ,126.62038203,36.36269864
2016,2016020601,10,야간,토,1,1,0,0,0,경기,광주시,차대사람,횡단중,횡단중,운전자법규위반,안전운전 의무 불이행,단일로,기타단일로,승용차,경형,보행자,보행자,981158  ,1932063 ,127.28715041,37.38746715
2016,2016020507,00,주간,금,1,1,0,0,0,경남,창녕군,차대사람,횡단중,횡단중,운전자법규위반,안전운전 의무 불이행,단일로,횡단보도부근,화물차,소형,보행자,보행자,1089088 ,1710537 ,128.48090848,35.38654119
2016,2016020508,25,주간,금,1,1,0,0,0,충남,천안시,차대차,기타,기타,운전자법규위반,신호위반,교차로,교차로내,건설기계,건설기계,자전거,자전거,969546  ,1864842 ,127.15870411,36.78121881
2016,2016020708,25,주간,일,1,3,2,0,0,경남,고성군,차량단독,공작물충돌,공작물충돌,운전자법규위반,안전운전 의무 불이행,교차로,교차로부근,승용차,중형,,,1068193 ,1665990 ,128.24717732,34.98653691
2016,2016020619,58,야간,토,1,1,0,0,0,경기,수원시,차대사람,기타,기타,운전자법규위반,안전운전 의무 불이행,단일로,기타단일로,승용차,중형,보행자,보행자,955982  ,1922677 ,127.00331302,37.30201197
2016,2016020400,50,야간,목,1,1,0,0,0,인천,강화군,차대사람,횡단중,횡단중,운전자법규위반,안전운전 의무 불이행,단일로,기타단일로,승용차,경형,보행자,보행자,911071  ,1971715 ,126.49025416,37.74036176
2016,2016052015,10,주간,금,1,4,1,2,0,경기,광주시,차대차,추돌,진행중 추돌,운전자법규위반,안전운전 의무 불이행,단일로,기타단일로,화물차,중형,승용차,중형,983945  ,1928857 ,127.3187033,37.35862133
2016,2016010202,40,야간,토,1,1,0,0,0,전북,부안군,차대사람,기타,기타,운전자법규위반,안전운전 의무 불이행,단일로,기타단일로,화물차,소형,보행자,보행자,930758  ,1747703 ,126.73440766,35.72319919
2016,2016011907,00,주간,화,1,1,0,0,0,서울,영등포구,차량단독,전도전복,전도전복,운전자법규위반,안전운전 의무 불이행,단일로,기타단일로,승용차,중형,,,947184  ,1948494 ,126.90219651,37.53425013
2016,2016011900,44,야간,화,1,3,0,2,0,서울,마포구,차대차,정면충돌,정면충돌,운전자법규위반,안전거리 미확보,단일로,기타단일로,승용차,중형,승용차,소형,947083  ,1950443 ,126.90091283,37.55181088
2016,2016012517,20,주간,월,1,1,0,0,0,서울,노원구,차대사람,횡단중,횡단중,운전자법규위반,신호위반,교차로,교차로내,화물차,소형,보행자,보행자,963297  ,1957946 ,127.08409426,37.62022632
2016,2016012421,15,야간,일,1,1,0,0,0,서울,관악구,차대사람,길가장자리구역통행중,길가장자리구역통행중,운전자법규위반,안전운전 의무 불이행,단일로,기타단일로,승합차,대형,보행자,보행자,952703  ,1942031 ,126.96522178,37.47630316
2016,2016012320,25,야간,토,1,1,0,0,0,경북,김천시,차대사람,차도통행중,차도통행중,운전자법규위반,안전운전 의무 불이행,단일로,기타단일로,승용차,소형,보행자,보행자,1056934 ,1792098 ,128.13269409,36.12423158
2016,2016012907,35,주간,금,1,1,0,0,0,경기,화성시,차대사람,횡단중,횡단중,운전자법규위반,안전운전 의무 불이행,교차로,교차로내,화물차,중형,보행자,보행자,954908  ,1903870 ,126.992332,37.13243902
2016,2016020215,38,주간,화,1,2,1,0,0,충남,공주시,차대차,추돌,진행중 추돌,운전자법규위반,안전운전 의무 불이행,단일로,기타단일로,화물차,소형,농기계,농기계,967603  ,1817110 ,127.13893767,36.35085474
2016,2016020321,15,야간,수,1,1,0,0,0,충남,서산시,차대사람,횡단중,횡단중,운전자법규위반,과속,단일로,기타단일로,승용차,소형,보행자,보행자,900408  ,1865674 ,126.38385764,36.78397197
2016,2016020316,05,주간,수,1,1,0,0,0,제주,제주시,차대사람,횡단중,횡단중,운전자법규위반,안전운전 의무 불이행,단일로,기타단일로,화물차,소형,보행자,보행자,906215  ,1498770 ,126.49073526,33.47684383
2016,2016020405,25,야간,목,1,2,1,0,0,경북,포항시,차량단독,전도전복,전도전복,운전자법규위반,안전운전 의무 불이행,단일로,기타단일로,승용차,경형,,,1170792 ,1794088 ,129.39798633,36.1288033
2016,2016013120,20,야간,일,1,1,0,0,0,경북,경주시,차대차,기타,기타,운전자법규위반,안전운전 의무 불이행,교차로,교차로내,승합차,대형,자전거,자전거,1154594 ,1761730 ,129.211745,35.83991246
2016,2016020101,00,야간,월,1,2,1,0,0,경기,동두천시,차대차,정면충돌,정면충돌,운전자법규위반,중앙선 침범,단일로,기타단일로,승용차,경형,승용차,경형,960021  ,1988896 ,127.04526834,37.89904154
2016,2016013008,11,주간,토,1,1,0,0,0,강원,원주시,차량단독,전도전복,전도전복,운전자법규위반,안전운전 의무 불이행,교차로,교차로부근,이륜차,소형,,,1038477 ,1928228 ,127.93483954,37.35225255
2016,2016011806,00,주간,월,1,7,1,5,0,경남,밀양시,차대차,측면직각충돌,측면직각충돌,운전자법규위반,안전거리 미확보,단일로,교량위,화물차,소형,승용차,중형,1115703 ,1721166 ,128.77540738,35.47962266
2016,2016022204,03,야간,월,1,4,3,0,0,강원,평창군,차대차,추돌,진행중 추돌,운전자법규위반,안전운전 의무 불이행,단일로,기타단일로,승용차,중형,승용차,소형,1091012 ,1961146 ,128.53167243,37.64519559
2016,2016120905,50,야간,금,1,8,2,5,0,경기,여주시,차대차,측면직각충돌,측면직각충돌,운전자법규위반,안전거리 미확보,단일로,교량위,화물차,대형,화물차,대형,1007727 ,1916155 ,127.58712302,37.24423277
2016,2016122002,12,야간,화,1,1,0,0,0,강원,원주시,차대사람,기타,기타,운전자법규위반,안전운전 의무 불이행,단일로,기타단일로,승용차,중형,보행자,보행자,1052181 ,1914178 ,128.08810409,37.22492617
2016,2016091205,05,야간,월,2,4,2,0,0,경기,광주시,차대차,기타,기타,운전자법규위반,안전운전 의무 불이행,단일로,기타단일로,승용차,중형,승용차,중형,982136  ,1936215 ,127.29809797,37.42491162
2016,2016011112,10,주간,월,1,1,0,0,0,경북,경주시,차대차,추돌,진행중 추돌,운전자법규위반,안전운전 의무 불이행,단일로,기타단일로,특수차,대형,승용차,중형,1153419 ,1753174 ,129.19709859,35.76298804
2016,2016020107,08,주간,월,1,2,0,1,0,경북,군위군,차대차,추돌,진행중 추돌,운전자법규위반,안전운전 의무 불이행,단일로,기타단일로,화물차,대형,화물차,중형,1095080 ,1805092 ,128.55812379,36.23837259
2016,2016042003,29,야간,수,1,3,2,0,0,전남,장성군,차량단독,기타,기타,운전자법규위반,안전운전 의무 불이행,단일로,기타단일로,승용차,중형,,,937635  ,1705607 ,126.81368009,35.34412169
2016,2016010412,40,주간,월,1,1,0,0,0,경남,창원시(통합),차량단독,공작물충돌,공작물충돌,운전자법규위반,안전운전 의무 불이행,단일로,기타단일로,자전거,자전거,,,1108458 ,1685611 ,128.69085161,35.15991177
2016,2016010221,53,야간,토,1,1,0,0,0,부산,진구,차대사람,기타,기타,운전자법규위반,안전운전 의무 불이행,단일로,기타단일로,승용차,중형,보행자,보행자,1141885 ,1686005 ,129.05751896,35.15954343
2016,2016010320,45,야간,일,1,1,0,0,0,세종,세종,차대사람,보도통행중,보도통행중,운전자법규위반,안전운전 의무 불이행,단일로,기타단일로,승용차,소형,보행자,보행자,981862  ,1845128 ,127.2971949,36.60381617
2016,2016010512,30,주간,화,1,1,0,0,0,대전,대덕구,차대사람,횡단중,횡단중,운전자법규위반,안전운전 의무 불이행,단일로,기타단일로,화물차,소형,보행자,보행자,993331  ,1827371 ,127.42558568,36.44388347
2016,2016010915,10,주간,토,1,2,1,0,0,경남,함양군,차량단독,전도전복,전도전복,운전자법규위반,안전운전 의무 불이행,기타/불명,기타/불명,화물차,소형,,,1012572 ,1707911 ,127.63839315,35.36676581
2016,2016010702,10,야간,목,1,2,0,1,0,부산,수영구,차대차,정면충돌,정면충돌,운전자법규위반,중앙선 침범,단일로,기타단일로,원동기장치자전거,원동기장치자전거,승용차,중형,1146576 ,1684285 ,129.10907169,35.14322678
2016,2016010521,50,야간,화,1,4,3,0,0,경기,고양시,차대차,측면직각충돌,측면직각충돌,운전자법규위반,중앙선 침범,단일로,기타단일로,승용차,중형,승용차,경형,945185  ,1959322 ,126.87876134,37.6317263
2016,2016011406,34,주간,목,1,1,0,0,0,전남,목포시,차대사람,횡단중,횡단중,운전자법규위반,안전운전 의무 불이행,단일로,기타단일로,승용차,경형,보행자,보행자,901078  ,1646973 ,126.41842639,34.81254152
2016,2016011807,00,주간,월,1,1,0,0,0,전남,해남군,차대사람,횡단중,횡단중,운전자법규위반,보행자 보호의무 위반,단일로,기타단일로,승합차,중형,보행자,보행자,907872  ,1619349 ,126.49571157,34.56410699
2016,2016011618,20,야간,토,1,1,0,0,0,서울,동대문구,차대차,추돌,진행중 추돌,운전자법규위반,안전운전 의무 불이행,단일로,기타단일로,이륜차,소형,화물차,중형,962071  ,1956485 ,127.07027779,37.60700819
2016,2016011610,50,주간,토,1,1,0,0,0,경남,창원시(통합),차대차,정면충돌,정면충돌,운전자법규위반,안전운전 의무 불이행,교차로,교차로부근,승용차,경형,자전거,자전거,1108234 ,1692514 ,128.68929924,35.22216792
2016,2016011912,30,주간,화,1,1,0,0,0,인천,서구,차대사람,횡단중,횡단중,운전자법규위반,보행자 보호의무 위반,교차로,교차로내,화물차,소형,보행자,보행자,926718  ,1949804 ,126.67043825,37.54465699
2016,2016011922,25,야간,화,1,3,2,0,0,충남,당진시,차대차,정면충돌,정면충돌,운전자법규위반,중앙선 침범,단일로,기타단일로,화물차,소형,승용차,중형,927195  ,1883183 ,126.68235081,36.94423112
2016,2016090812,50,주간,목,1,4,0,3,0,경북,구미시,차대차,추돌,진행중 추돌,운전자법규위반,안전운전 의무 불이행,단일로,기타단일로,화물차,소형,화물차,중형,1077207 ,1791651 ,128.35791955,36.11880034
2016,2016010219,47,야간,토,1,1,0,0,0,경기,남양주시,차대사람,횡단중,횡단중,운전자법규위반,신호위반,단일로,기타단일로,승용차,중형,보행자,보행자,975213  ,1972983 ,127.2186088,37.75615751
2016,2016010515,50,주간,화,1,1,0,0,0,전남,순천시,차대사람,기타,기타,운전자법규위반,안전운전 의무 불이행,단일로,기타단일로,화물차,중형,보행자,보행자,1001905 ,1658712 ,127.52085687,34.92320479
2016,2016010802,35,야간,금,1,2,1,0,0,경북,경주시,차대차,기타,기타,운전자법규위반,과속,단일로,기타단일로,승용차,중형,승용차,경형,1157878 ,1777857 ,129.25129313,35.98472337
2016,2016010718,03,야간,목,1,1,0,0,0,경기,가평군,차대사람,횡단중,횡단중,운전자법규위반,안전운전 의무 불이행,단일로,기타단일로,화물차,소형,보행자,보행자,987533  ,1979478 ,127.35835773,37.81494919
2016,2016011306,24,주간,수,1,1,0,0,0,경기,수원시,차대차,추돌,진행중 추돌,운전자법규위반,안전운전 의무 불이행,단일로,기타단일로,화물차,소형,화물차,대형,951305  ,1921329 ,126.95062952,37.28962845
2016,2016011721,20,야간,일,1,1,0,0,0,강원,철원군,차대사람,횡단중,횡단중,운전자법규위반,안전운전 의무 불이행,단일로,기타단일로,승합차,소형,보행자,보행자,981430  ,2020922 ,127.28794669,38.18837339
2016,2016102412,20,주간,월,1,14,1,12,0,경기,용인시,차대차,측면직각충돌,측면직각충돌,운전자법규위반,안전운전 의무 불이행,단일로,기타단일로,승합차,소형,승합차,소형,964880  ,1918635 ,127.10390413,37.26595704
2016,2016051301,45,야간,금,1,3,0,2,0,충북,충주시,차대차,추돌,진행중 추돌,운전자법규위반,안전거리 미확보,단일로,기타단일로,화물차,중형,화물차,중형,1030771 ,1890642 ,127.84589642,37.01378064
2016,2016013109,11,주간,일,1,3,2,0,0,경북,경주시,차대차,기타,기타,운전자법규위반,안전운전 의무 불이행,단일로,기타단일로,승합차,소형,승용차,중형,1155124 ,1778152 ,129.22081408,35.98782386
2016,2016013102,18,야간,일,1,2,1,0,0,경기,양주시,차대차,정면충돌,정면충돌,운전자법규위반,중앙선 침범,단일로,기타단일로,승용차,경형,화물차,소형,952853  ,1968200 ,126.96508779,37.71216936
2016,2016013118,00,야간,일,1,1,0,0,0,충북,청주시,차대차,정면충돌,정면충돌,운전자법규위반,교차로 통행방법 위반,교차로,교차로내,화물차,소형,이륜차,소형,996908  ,1851353 ,127.46540247,36.66010201
2016,2016013101,00,야간,일,1,2,1,0,0,세종,세종,차량단독,전도전복,전도전복,운전자법규위반,안전운전 의무 불이행,단일로,기타단일로,원동기장치자전거,원동기장치자전거,,,980153  ,1833845 ,127.27837693,36.50206542
2016,2016020604,00,야간,토,1,2,1,0,0,부산,사하구,차대차,추돌,진행중 추돌,운전자법규위반,안전운전 의무 불이행,단일로,기타단일로,화물차,소형,화물차,대형,1135938 ,1675353 ,128.99081044,35.064103
2016,2016020511,10,주간,금,1,2,1,0,0,대구,달성군,차대차,추돌,진행중 추돌,운전자법규위반,안전운전 의무 불이행,교차로,교차로부근,화물차,소형,건설기계,건설기계,1083027 ,1740968 ,128.41729821,35.66141535
2016,2016020406,15,주간,목,1,1,0,0,0,경기,양주시,차량단독,도로이탈,도로이탈 추락,운전자법규위반,안전운전 의무 불이행,단일로,기타단일로,승용차,중형,,,952225  ,1979937 ,126.95719042,37.81792071
2016,2016020421,10,야간,목,1,1,0,0,0,경기,성남시,차대사람,횡단중,횡단중,운전자법규위반,안전운전 의무 불이행,단일로,기타단일로,승용차,경형,보행자,보행자,968087  ,1937554 ,127.13925807,37.436603
2016,2016020423,40,야간,목,1,1,0,0,0,서울,마포구,차량단독,기타,기타,운전자법규위반,안전운전 의무 불이행,교차로,교차로부근,원동기장치자전거,원동기장치자전거,,,948133  ,1951787 ,126.91270451,37.56398421
2016,2016022622,15,야간,금,1,8,1,5,1,충남,서천군,차대차,측면직각충돌,측면직각충돌,운전자법규위반,안전운전 의무 불이행,단일로,기타단일로,승용차,중형,화물차,중형,919080  ,1797386 ,126.60023604,36.17019659
2016,2016012300,38,야간,토,1,1,0,0,0,충남,당진시,차량단독,공작물충돌,공작물충돌,운전자법규위반,안전운전 의무 불이행,단일로,기타단일로,승용차,중형,,,921905  ,1873309 ,126.62396462,36.85480771
2016,2016010219,10,야간,토,1,1,0,0,0,전북,완주군,차대사람,횡단중,횡단중,운전자법규위반,안전운전 의무 불이행,단일로,기타단일로,승용차,중형,보행자,보행자,970470  ,1770580 ,127.17263713,35.93145194
2016,2016010820,30,야간,금,1,1,0,0,0,경북,구미시,차대사람,기타,기타,운전자법규위반,안전운전 의무 불이행,단일로,기타단일로,승용차,경형,보행자,보행자,1077313 ,1791761 ,128.35835221,36.11985926
2016,2016010900,40,야간,토,1,1,0,0,0,대구,달성군,차량단독,전도전복,전도전복,운전자법규위반,안전운전 의무 불이행,단일로,기타단일로,이륜차,소형,,,1090244 ,1757428 ,128.49892506,35.80907928
2016,2016010622,07,야간,수,1,3,1,1,0,인천,연수구,차대차,측면직각충돌,측면직각충돌,운전자법규위반,중앙선 침범,교차로,교차로내,승용차,소형,승용차,대형,923811  ,1933987 ,126.63917056,37.40186758
2016,2016011314,45,주간,수,1,1,0,0,0,충남,예산군,차대차,측면직각충돌,측면직각충돌,운전자법규위반,교차로 통행방법 위반,교차로,교차로내,이륜차,소형,승용차,경형,940656  ,1855313 ,126.83569141,36.69395287
2016,2016011210,00,주간,화,1,1,0,0,0,전남,진도군,차대차,기타,기타,운전자법규위반,안전운전 의무 불이행,단일로,기타단일로,화물차,소형,이륜차,소형,892638  ,1605916 ,126.33136566,34.44151212
2016,2016011019,50,야간,일,1,1,0,0,0,충남,천안시,차대차,측면직각충돌,측면직각충돌,운전자법규위반,안전운전 의무 불이행,단일로,기타단일로,승용차,대형,승용차,소형,976593  ,1865347 ,127.23766298,36.78597158
2016,2016011519,08,야간,금,1,1,0,0,0,광주,광산구,차대사람,횡단중,횡단중,운전자법규위반,안전운전 의무 불이행,단일로,기타단일로,화물차,소형,보행자,보행자,936575  ,1685050 ,126.80360265,35.15870482
2016,2016071402,30,야간,목,1,1,0,0,0,경기,의정부시,차량단독,전도전복,전도전복,운전자법규위반,안전운전 의무 불이행,단일로,기타단일로,승용차,소형,,,959807  ,1967027 ,127.04404755,37.70192858
2016,2016061900,50,야간,일,1,3,1,1,0,경북,예천군,차대차,추돌,진행중 추돌,운전자법규위반,안전운전 의무 불이행,단일로,기타단일로,승용차,중형,화물차,대형,1094246 ,1855403 ,128.55497071,36.69194348
2016,2016070406,30,주간,월,1,1,0,0,0,경북,예천군,차량단독,전도전복,전도전복,운전자법규위반,안전운전 의무 불이행,단일로,기타단일로,승용차,중형,,,1096037 ,1859254 ,128.57549929,36.72647431
2016,2016070116,10,주간,금,1,1,0,0,0,전북,남원시,차량단독,공작물충돌,공작물충돌,운전자법규위반,안전운전 의무 불이행,단일로,기타단일로,승용차,중형,,,988749  ,1702439 ,127.37622372,35.31744106
2016,2016020206,40,주간,화,1,2,0,1,0,경북,상주시,차대차,추돌,진행중 추돌,운전자법규위반,안전운전 의무 불이행,단일로,기타단일로,화물차,중형,건설기계,건설기계,1062796 ,1831484 ,128.20100323,36.47892735
2016,2016050711,00,주간,토,1,4,2,1,0,경남,김해시,차대차,기타,기타,운전자법규위반,과속,단일로,기타단일로,화물차,소형,승용차,중형,1134815 ,1697744 ,128.98215655,35.26609017
2016,2016032320,40,야간,수,1,2,1,0,0,경북,군위군,차대차,추돌,진행중 추돌,운전자법규위반,안전운전 의무 불이행,단일로,기타단일로,화물차,중형,화물차,중형,1096529 ,1807946 ,128.57459908,36.26395479
2016,2016120306,25,주간,토,1,1,0,0,0,경기,하남시,차량단독,전도전복,전도전복,운전자법규위반,안전운전 의무 불이행,단일로,기타단일로,승용차,중형,,,969573  ,1946039 ,127.15570475,37.51313298
2016,2016122709,25,주간,화,1,1,0,0,0,경북,경산시,차량단독,공작물충돌,공작물충돌,운전자법규위반,안전운전 의무 불이행,단일로,기타단일로,화물차,중형,,,1116750 ,1773780 ,128.79459557,35.95376673
2016,2016112600,47,야간,토,1,1,0,0,0,경기,광주시,차량단독,전도전복,전도전복,운전자법규위반,안전운전 의무 불이행,단일로,교량위,특수차,대형,,,977895  ,1940541 ,127.25003614,37.46381316
2016,2016011520,40,야간,금,1,1,0,0,0,충남,서산시,차대사람,차도통행중,차도통행중,운전자법규위반,안전운전 의무 불이행,단일로,기타단일로,화물차,대형,보행자,보행자,912447  ,1869953 ,126.51826905,36.82372973
2016,2016011916,16,주간,화,1,1,0,0,0,경기,양평군,차량단독,전도전복,전도전복,운전자법규위반,안전운전 의무 불이행,단일로,기타단일로,승용차,경형,,,990841  ,1943268 ,127.39639551,37.48861247
2016,2016011916,00,주간,화,1,1,0,0,0,충북,청주시,차량단독,전도전복,전도전복,운전자법규위반,안전운전 의무 불이행,단일로,기타단일로,승용차,대형,,,1001229 ,1850870 ,127.51435332,36.65793627
2016,2016012318,40,야간,토,1,2,0,1,0,충남,보령시,차대차,정면충돌,정면충돌,운전자법규위반,중앙선 침범,단일로,기타단일로,승용차,중형,화물차,소형,916813  ,1817563 ,126.57288467,36.35188745
2016,2016012922,00,야간,금,1,1,0,0,0,강원,동해시,차량단독,전도전복,전도전복,운전자법규위반,안전운전 의무 불이행,단일로,기타단일로,승용차,경형,,,1139523 ,1956536 ,129.08024297,37.59784262
2016,2016013003,50,야간,토,1,6,5,0,0,서울,영등포구,차대차,측면직각충돌,측면직각충돌,운전자법규위반,과속,단일로,기타단일로,승용차,중형,화물차,소형,945946  ,1949390 ,126.88811881,37.5422541
2016,2016012809,20,주간,목,1,1,0,0,0,대전,서구,차대차,추돌,진행중 추돌,운전자법규위반,안전운전 의무 불이행,교차로,교차로내,화물차,대형,원동기장치자전거,원동기장치자전거,988188  ,1818318 ,127.36833671,36.36221829
2016,2016020304,05,야간,수,1,2,0,1,0,경남,진주시,차량단독,전도전복,전도전복,운전자법규위반,안전운전 의무 불이행,단일로,기타단일로,승용차,소형,,,1044897 ,1696473 ,127.99359367,35.26270217
2016,2016020710,36,주간,일,2,13,4,7,0,경기,평택시,차대차,측면직각충돌,측면직각충돌,운전자법규위반,신호위반,교차로,교차로내,승합차,경형,화물차,소형,961200  ,1899418 ,127.06339887,37.09259091
2016,2016020515,17,주간,금,1,1,0,0,0,서울,관악구,차대사람,기타,기타,운전자법규위반,안전운전 의무 불이행,교차로,교차로부근,화물차,소형,보행자,보행자,948386  ,1941977 ,126.91625836,37.47557926
2016,2016020505,47,야간,금,1,1,0,0,0,서울,은평구,차대사람,기타,기타,운전자법규위반,보행자 보호의무 위반,교차로,교차로내,승합차,대형,보행자,보행자,947950  ,1957377 ,126.91023506,37.61435684
2016,2016013112,45,주간,일,1,1,0,0,0,경북,김천시,차대사람,횡단중,횡단중,운전자법규위반,보행자 보호의무 위반,단일로,횡단보도상,승용차,경형,보행자,보행자,1055595 ,1792213 ,128.11799042,36.12557954
2016,2016013103,04,야간,일,1,1,0,0,0,경북,봉화군,차량단독,공작물충돌,공작물충돌,운전자법규위반,안전운전 의무 불이행,단일로,기타단일로,화물차,소형,,,1122725 ,1880133 ,128.8776722,36.91156255
2016,2016030200,05,야간,수,1,1,0,0,0,경남,김해시,차대사람,기타,기타,운전자법규위반,안전운전 의무 불이행,단일로,기타단일로,화물차,대형,보행자,보행자,1114370 ,1696460 ,128.75725786,35.25705965
2016,2016012123,35,야간,목,1,2,1,0,0,경기,안성시,차대차,추돌,진행중 추돌,운전자법규위반,안전운전 의무 불이행,단일로,기타단일로,화물차,대형,화물차,대형,971042  ,1885141 ,127.18921901,36.93452645
2016,2016121500,37,야간,목,1,2,0,0,1,인천,남구,차대차,추돌,진행중 추돌,운전자법규위반,안전운전 의무 불이행,단일로,기타단일로,화물차,대형,건설기계,건설기계,923272  ,1938908 ,126.63212256,37.44642301
2016,2016122604,55,야간,월,1,2,0,1,0,경남,산청군,차대차,기타,기타,운전자법규위반,안전운전 의무 불이행,단일로,기타단일로,승용차,중형,화물차,대형,1032699 ,1714126 ,127.8601985,35.42234763
2016,2016120906,50,주간,금,2,4,2,0,0,충남,보령시,차대차,추돌,진행중 추돌,운전자법규위반,안전운전 의무 불이행,단일로,기타단일로,승용차,중형,화물차,대형,918229  ,1828659 ,126.58749534,36.45203032
2016,2016102718,27,야간,목,2,3,0,1,0,경남,김해시,차대차,기타,기타,운전자법규위반,안전운전 의무 불이행,단일로,기타단일로,화물차,중형,화물차,대형,1118421 ,1692460 ,128.80120389,35.2205298
2016,2016033008,09,주간,수,1,1,0,0,0,전남,무안군,차대차,추돌,진행중 추돌,운전자법규위반,안전운전 의무 불이행,단일로,터널안,화물차,소형,특수차,대형,908576  ,1657024 ,126.49929803,34.90386511
2016,2016011604,22,야간,토,2,2,0,0,0,대구,수성구,차량단독,전도전복,전도전복,운전자법규위반,안전운전 의무 불이행,교차로,교차로부근,원동기장치자전거,원동기장치자전거,,,1102366 ,1759753 ,128.63381595,35.82846359