발생년,발생년월일시,발생분,주야,요일,사망자수,사상자수,중상자수,경상자수,부상신고자수,발생지시도,발생지시군구,사고유형_대분류,사고유형_중분류,사고유형,법규위반_대분류,법규위반,도로형태_대분류,도로형태,당사자종별_1당_대분류,당사자종별_1당,당사자종별_2당_대분류,당사자종별_2당,발생위치X_UTMK,발생위치Y_UTMK,경도,위도
2016,2016012217,56,주간,금,1,4,3,0,0,전남,진도군,차대차,정면충돌,정면충돌,운전자법규위반,중앙선 침범,단일로,기타단일로,승용차,중형,승용차,대형,887197  ,1608988 ,126.2717466,34.46862947
2016,2016011913,50,주간,화,1,17,2,13,1,전북,전주시,차대차,추돌,진행중 추돌,운전자법규위반,안전운전 의무 불이행,지하도로내,지하도로내,승용차,경형,화물차,중형,960494  ,1764221 ,127.06236374,35.8737678
2016,2016012000,30,야간,수,1,1,0,0,0,서울,중구,차대사람,횡단중,횡단중,운전자법규위반,안전운전 의무 불이행,단일로,기타단일로,승용차,중형,보행자,보행자,953362  ,1950773 ,126.97227529,37.55493928
2016,2016012608,40,주간,화,1,1,0,0,0,인천,강화군,차대사람,보도통행중,보도통행중,운전자법규위반,안전운전 의무 불이행,단일로,기타단일로,승용차,대형,보행자,보행자,894020  ,1977546 ,126.29632447,37.7914718
2016,2016012213,35,주간,금,1,1,0,0,0,경남,김해시,차량단독,전도전복,전도전복,운전자법규위반,안전운전 의무 불이행,단일로,기타단일로,원동기장치자전거,원동기장치자전거,,,1117519 ,1700307 ,128.79241761,35.29137474
2016,2016012211,15,주간,금,1,1,0,0,0,서울,금천구,차대사람,횡단중,횡단중,운전자법규위반,안전운전 의무 불이행,교차로,교차로내,화물차,소형,보행자,보행자,946329  ,1942017 ,126.89299245,37.47582257
2016,2016012710,50,주간,수,1,1,0,0,0,전북,전주시,차대사람,횡단중,횡단중,운전자법규위반,보행자 보호의무 위반,단일로,횡단보도상,승용차,경형,보행자,보행자,966201  ,1755705 ,127.12594353,35.79720123
2016,2016012709,10,주간,수,1,1,0,0,0,경기,남양주시,차량단독,전도전복,전도전복,운전자법규위반,안전운전 의무 불이행,단일로,기타단일로,승용차,중형,,,978022  ,1961039 ,127.25085789,37.64857482
2016,2016020218,20,야간,화,1,1,0,0,0,경기,고양시,차대사람,횡단중,횡단중,운전자법규위반,안전운전 의무 불이행,단일로,횡단보도부근,승용차,소형,보행자,보행자,938069  ,1959049 ,126.79814145,37.62881363
2016,2016020304,46,야간,수,1,1,0,0,0,광주,광산구,차대사람,횡단중,횡단중,운전자법규위반,안전운전 의무 불이행,단일로,기타단일로,승용차,대형,보행자,보행자,936815  ,1685388 ,126.80594378,35.16164697
2016,2016020606,35,주간,토,1,1,0,0,0,서울,은평구,차대사람,횡단중,횡단중,운전자법규위반,안전운전 의무 불이행,교차로,교차로부근,승용차,대형,보행자,보행자,949800  ,1956742 ,126.93123955,37.60873645
2016,2016020321,15,야간,수,1,1,0,0,0,경기,수원시,차대차,추돌,진행중 추돌,운전자법규위반,안전운전 의무 불이행,단일로,기타단일로,화물차,대형,화물차,소형,954115  ,1924735 ,126.98211985,37.32047164
2016,2016013008,56,주간,토,1,4,2,1,0,충북,옥천군,차대차,추돌,진행중 추돌,운전자법규위반,안전운전 의무 불이행,단일로,기타단일로,화물차,대형,승용차,중형,1001692 ,1816639 ,127.51885637,36.34715247
2016,2016022300,45,야간,화,3,3,0,0,0,전북,전주시,차대차,측면직각충돌,측면직각충돌,운전자법규위반,기타(운전자법규위반),단일로,기타단일로,화물차,대형,승용차,중형,972189  ,1758572 ,127.19211254,35.82323829
2016,2016052621,15,야간,목,1,2,0,1,0,경남,창녕군,차대차,추돌,진행중 추돌,운전자법규위반,안전운전 의무 불이행,단일로,기타단일로,화물차,대형,화물차,대형,1088080 ,1729429 ,128.4718587,35.55695046
2016,2016051210,36,주간,목,1,3,1,1,0,경북,칠곡군,차대차,추돌,진행중 추돌,운전자법규위반,안전운전 의무 불이행,단일로,터널안,화물차,소형,승용차,중형,1092593 ,1782038 ,128.53217024,36.02631349
2016,2016013010,02,주간,토,2,3,0,1,0,충북,충주시,차대차,추돌,진행중 추돌,운전자법규위반,안전거리 미확보,기타/불명,기타/불명,화물차,대형,화물차,소형,1019528 ,1898822 ,127.71972756,37.08781854
2016,2016022104,50,야간,일,1,1,0,0,0,충남,천안시,차대차,기타,기타,운전자법규위반,안전운전 의무 불이행,단일로,기타단일로,승용차,대형,승용차,소형,973639  ,1863163 ,127.20463155,36.76620597
2016,2016042002,25,야간,수,1,1,0,0,0,전북,정읍시,차량단독,공작물충돌,공작물충돌,운전자법규위반,안전운전 의무 불이행,단일로,교량위,승용차,경형,,,945153  ,1737229 ,126.89427476,35.62967373
2016,2016042510,40,주간,월,1,2,1,0,0,경남,진주시,차량단독,전도전복,전도전복,운전자법규위반,안전운전 의무 불이행,단일로,기타단일로,승용차,중형,,,1068991 ,1690613 ,128.25797225,35.20849625
2016,2016081605,00,야간,화,1,2,0,1,0,경남,창녕군,차대차,기타,기타,운전자법규위반,안전운전 의무 불이행,단일로,기타단일로,화물차,대형,화물차,대형,1086571 ,1735095 ,128.45581759,35.60816428
2016,2016010118,25,야간,금,1,1,0,0,0,경북,영천시,차대사람,기타,기타,운전자법규위반,안전운전 의무 불이행,단일로,기타단일로,승용차,중형,화물차,소형,1118711 ,1779296 ,128.81716123,36.00324918
2016,2016010223,20,야간,토,1,2,1,0,0,제주,제주시,차량단독,공작물충돌,공작물충돌,운전자법규위반,안전운전 의무 불이행,단일로,기타단일로,승용차,소형,,,890786  ,1497287 ,126.3247552,33.461803
2016,2016010720,35,야간,목,1,1,0,0,0,전남,영광군,차대차,추돌,진행중 추돌,운전자법규위반,안전운전 의무 불이행,단일로,기타단일로,승용차,소형,원동기장치자전거,원동기장치자전거,909846  ,1698322 ,126.50870146,35.27631987
2016,2016010615,42,주간,수,1,1,0,0,0,광주,서구,차량단독,전도전복,전도전복,운전자법규위반,안전운전 의무 불이행,단일로,기타단일로,이륜차,소형,,,941994  ,1681149 ,126.86311507,35.12371975
2016,2016011219,40,야간,화,1,6,2,3,0,경남,창원시(통합),차대차,추돌,진행중 추돌,운전자법규위반,안전운전 의무 불이행,단일로,기타단일로,승용차,중형,이륜차,소형,1098931 ,1691308 ,128.58694799,35.21225629
2016,2016011204,30,야간,화,1,4,3,0,0,전남,광양시,차대차,추돌,진행중 추돌,운전자법규위반,안전운전 의무 불이행,단일로,기타단일로,원동기장치자전거,원동기장치자전거,승합차,경형,1007543 ,1664673 ,127.58263832,34.97693187
2016,2016011022,50,야간,일,1,1,0,0,0,전북,완주군,차량단독,전도전복,전도전복,운전자법규위반,안전운전 의무 불이행,단일로,기타단일로,원동기장치자전거,원동기장치자전거,,,959155  ,1759930 ,127.03401186,35.83265788
2016,2016011722,47,야간,일,2,2,0,0,0,제주,서귀포시,차대차,추돌,진행중 추돌,운전자법규위반,안전운전 의무 불이행,단일로,기타단일로,승용차,중형,원동기장치자전거,원동기장치자전거,938831  ,1483093 ,126.78254807,33.40288768
2016,2016011721,22,야간,일,1,2,0,1,0,경북,경주시,차대차,기타,기타,운전자법규위반,안전운전 의무 불이행,단일로,기타단일로,승용차,중형,자전거,자전거,1159732 ,1777931 ,129.27186512,35.98508831
2016,2016011721,38,야간,일,1,1,0,0,0,경북,포항시,차대사람,길가장자리구역통행중,길가장자리구역통행중,운전자법규위반,안전운전 의무 불이행,단일로,기타단일로,승용차,중형,보행자,보행자,1166573 ,1778816 ,129.34790183,35.99191876
2016,2016012208,04,주간,금,1,1,0,0,0,강원,고성군,차량단독,전도전복,전도전복,운전자법규위반,안전운전 의무 불이행,단일로,기타단일로,승용차,경형,,,1089354 ,2032313 ,128.5217092,38.28677755
2016,2016071802,50,야간,월,1,2,1,0,0,충남,서천군,차대차,측면직각충돌,측면직각충돌,운전자법규위반,안전운전 의무 불이행,단일로,기타단일로,승용차,중형,건설기계,건설기계,920534  ,1795472 ,126.61659519,36.15306299
2016,2016010914,30,주간,토,1,1,0,0,0,충남,천안시,차대사람,횡단중,횡단중,운전자법규위반,안전운전 의무 불이행,교차로,교차로내,화물차,소형,보행자,보행자,967503  ,1877722 ,127.13525782,36.89725757
2016,2016010515,20,주간,화,1,1,0,0,0,전남,무안군,차량단독,도로이탈,도로이탈 추락,운전자법규위반,안전운전 의무 불이행,단일로,기타단일로,승용차,중형,,,890938  ,1678077 ,126.30351173,35.09192528
2016,2016010706,35,주간,목,1,1,0,0,0,인천,남동구,차대사람,횡단중,횡단중,운전자법규위반,신호위반,교차로,교차로내,화물차,소형,보행자,보행자,931422  ,1939478 ,126.72464642,37.45195248
2016,2016010719,02,야간,목,1,1,0,0,0,대구,수성구,차대사람,횡단중,횡단중,운전자법규위반,안전운전 의무 불이행,단일로,기타단일로,승용차,경형,보행자,보행자,1100854 ,1762243 ,128.61685705,35.8513977
2016,2016011301,32,야간,수,1,1,0,0,0,경기,파주시,차량단독,공작물충돌,공작물충돌,운전자법규위반,안전운전 의무 불이행,단일로,기타단일로,원동기장치자전거,원동기장치자전거,,,932573  ,1970854 ,126.73476845,37.73482026
2016,2016011620,20,야간,토,1,1,0,0,0,충북,제천시,차대차,측면직각충돌,측면직각충돌,운전자법규위반,신호위반,교차로,교차로내,화물차,대형,화물차,소형,1059939 ,1906814 ,128.17504939,37.15814135
2016,2016011619,58,야간,토,1,1,0,0,0,인천,연수구,차대사람,횡단중,횡단중,운전자법규위반,안전운전 의무 불이행,단일로,기타단일로,승용차,경형,보행자,보행자,927794  ,1934548 ,126.6841138,37.40724288
2016,2016011503,25,야간,금,2,3,1,0,0,경기,고양시,차대차,기타,기타,운전자법규위반,중앙선 침범,단일로,기타단일로,승용차,중형,승용차,중형,942054  ,1956886 ,126.84347175,37.60957873
2016,2016011521,50,야간,금,1,1,0,0,0,경북,성주군,차량단독,공작물충돌,공작물충돌,운전자법규위반,안전운전 의무 불이행,단일로,기타단일로,승용차,중형,,,1069282 ,1775266 ,128.26842816,35.97168683
2016,2016011606,00,주간,토,1,1,0,0,0,인천,남구,차대사람,횡단중,횡단중,운전자법규위반,안전운전 의무 불이행,교차로,교차로부근,승용차,경형,보행자,보행자,924764  ,1941385 ,126.6471827,37.46817129
2016,2016011323,05,야간,수,1,2,0,1,0,전북,군산시,차대차,정면충돌,정면충돌,운전자법규위반,중앙선 침범,단일로,기타단일로,승용차,경형,화물차,소형,932667  ,1780014 ,126.75278352,36.01462741
2016,2016012009,00,주간,수,1,5,0,4,0,충북,청주시,차대차,추돌,진행중 추돌,운전자법규위반,안전운전 의무 불이행,교차로,교차로부근,화물차,대형,화물차,대형,1001111 ,1851594 ,127.51168762,36.66223129
2016,2016012004,20,야간,수,2,3,0,1,0,경북,포항시,차대차,추돌,진행중 추돌,운전자법규위반,안전운전 의무 불이행,단일로,기타단일로,승용차,중형,화물차,중형,1169482 ,1779546 ,129.38031393,35.9979955
2016,2016012612,50,주간,화,1,1,0,0,0,경기,포천시,차대사람,횡단중,횡단중,운전자법규위반,안전운전 의무 불이행,단일로,기타단일로,건설기계,건설기계,보행자,보행자,972682  ,1983138 ,127.18949338,37.84761315
2016,2016012616,38,주간,화,1,1,0,0,0,경남,진주시,차대차,측면직각충돌,측면직각충돌,운전자법규위반,신호위반,교차로,교차로내,승용차,경형,원동기장치자전거,원동기장치자전거,1052823 ,1687743 ,128.08016722,35.18360004
2016,2016012523,20,야간,월,1,1,0,0,0,경남,김해시,차대차,측면직각충돌,측면직각충돌,운전자법규위반,안전운전 의무 불이행,교차로,교차로내,화물차,대형,승용차,중형,1111500 ,1701946 ,128.72646036,35.30683933
2016,2016012602,00,야간,화,1,1,0,0,0,경기,군포시,차대차,추돌,진행중 추돌,운전자법규위반,안전운전 의무 불이행,교차로,교차로부근,이륜차,소형,특수차,대형,949947  ,1926493 ,126.93496115,37.33610213
2016,2016012612,10,주간,화,1,1,0,0,0,경기,평택시,차대사람,횡단중,횡단중,운전자법규위반,보행자 보호의무 위반,단일로,횡단보도상,승합차,대형,보행자,보행자,963322  ,1888088 ,127.0878288,36.9905463
2016,2016012902,30,야간,금,1,1,0,0,0,대전,유성구,차대차,기타,기타,운전자법규위반,중앙선 침범,단일로,기타단일로,승용차,중형,화물차,중형,990182  ,1826584 ,127.3904584,36.43676139
2016,2016020114,40,주간,월,1,2,1,0,0,경남,창원시(통합),차대사람,횡단중,횡단중,운전자법규위반,안전운전 의무 불이행,단일로,기타단일로,화물차,소형,보행자,보행자,1091303 ,1693586 ,128.5034044,35.23351746
2016,2016021109,10,주간,목,1,1,0,0,0,전남,강진군,차량단독,기타,기타,운전자법규위반,안전운전 의무 불이행,단일로,기타단일로,원동기장치자전거,원동기장치자전거,,,937385  ,1628253 ,126.81675083,34.64662052
2016,2016021020,10,야간,수,1,1,0,0,0,서울,동대문구,차대사람,길가장자리구역통행중,길가장자리구역통행중,운전자법규위반,안전운전 의무 불이행,단일로,기타단일로,승용차,중형,보행자,보행자,959277  ,1953133 ,127.03881014,37.57667633
2016,2016062001,40,야간,월,1,3,2,0,0,경기,양주시,차대차,추돌,진행중 추돌,운전자법규위반,안전운전 의무 불이행,단일로,기타단일로,화물차,소형,화물차,중형,952206  ,1967053 ,126.95782279,37.70179798
2016,2016051721,20,야간,화,1,1,0,0,0,경남,사천시,차대차,추돌,진행중 추돌,운전자법규위반,안전운전 의무 불이행,단일로,기타단일로,화물차,대형,화물차,대형,1041346 ,1673156 ,127.95338738,35.05260754
2016,2016051811,50,주간,수,1,1,0,0,0,경기,성남시,차대차,기타,기타,운전자법규위반,안전운전 의무 불이행,단일로,기타단일로,화물차,대형,화물차,대형,964473  ,1934269 ,127.09856468,37.4068617
2016,2016102406,00,주간,월,1,1,0,0,0,경북,김천시,차대차,추돌,진행중 추돌,운전자법규위반,안전운전 의무 불이행,단일로,기타단일로,화물차,대형,화물차,대형,1045164 ,1799915 ,128.00235136,36.19532402
2016,2016101520,38,야간,토,1,1,0,0,0,충남,천안시,차량단독,공작물충돌,공작물충돌,운전자법규위반,기타(운전자법규위반),단일로,기타단일로,이륜차,소형,,,970849  ,1862795 ,127.17338481,36.76280686
2016,2016071717,55,주간,일,4,43,13,26,0,강원,평창군,차대차,추돌,진행중 추돌,운전자법규위반,안전운전 의무 불이행,단일로,터널안,승합차,대형,승용차,중형,1078903 ,1953071 ,128.39353693,37.57363662
2016,2016010715,36,주간,목,2,11,2,3,4,인천,중구,차대차,추돌,진행중 추돌,운전자법규위반,안전운전 의무 불이행,단일로,기타단일로,승합차,대형,승용차,중형,914617  ,1946682 ,126.53383297,37.51547874
2016,2016041517,30,주간,금,1,6,1,4,0,충남,천안시,차대차,측면직각충돌,측면직각충돌,운전자법규위반,안전운전 의무 불이행,단일로,기타단일로,화물차,소형,승용차,경형,965784  ,1853710 ,127.11704313,36.68073945
2016,2016012518,10,야간,월,1,1,0,0,0,경남,창원시(통합),차량단독,공작물충돌,공작물충돌,운전자법규위반,안전운전 의무 불이행,단일로,기타단일로,화물차,중형,,,1109432 ,1699658 ,128.7034122,35.28644154
2016,2016101515,40,주간,토,1,3,2,0,0,경북,성주군,차량단독,전도전복,전도전복,운전자법규위반,안전운전 의무 불이행,단일로,기타단일로,승용차,중형,,,1071364 ,1767274 ,128.29080033,35.89948742
2016,2016111120,12,야간,금,1,1,0,0,0,경기,평택시,차대차,기타,기타,운전자법규위반,안전운전 의무 불이행,단일로,기타단일로,원동기장치자전거,원동기장치자전거,승용차,중형,954600  ,1890821 ,126.98965337,37.01480098
2016,2016010303,00,야간,일,1,1,0,0,0,대구,서구,차대사람,횡단중,횡단중,운전자법규위반,안전운전 의무 불이행,단일로,횡단보도상,승용차,중형,보행자,보행자,1094853 ,1762590 ,128.55044901,35.85521977
2016,2016010300,19,야간,일,1,1,0,0,0,대구,달성군,차대사람,횡단중,횡단중,운전자법규위반,과속,단일로,기타단일로,승용차,중형,보행자,보행자,1089523 ,1756364 ,128.48504333,35.79608574
2016,2016011000,40,야간,일,1,1,0,0,0,전북,전주시,차대차,측면직각충돌,측면직각충돌,운전자법규위반,안전운전 의무 불이행,교차로,교차로내,승용차,소형,자전거,자전거,964820  ,1761656 ,127.11039808,35.85080693
2016,2016010902,25,야간,토,1,1,0,0,0,경기,광주시,차대사람,횡단중,횡단중,운전자법규위반,안전운전 의무 불이행,단일로,기타단일로,승용차,대형,보행자,보행자,969164  ,1929035 ,127.15178763,37.3598522
2016,2016010817,14,주간,금,1,2,0,1,0,충남,당진시,차대차,정면충돌,정면충돌,운전자법규위반,중앙선 침범,단일로,기타단일로,승용차,경형,화물차,소형,923892  ,1879493 ,126.64563082,36.91071
2016,2016010604,30,야간,수,1,1,0,0,0,충남,천안시,차대차,추돌,진행중 추돌,운전자법규위반,안전운전 의무 불이행,단일로,기타단일로,화물차,경형,화물차,소형,969066  ,1873305 ,127.15298062,36.8574933
2016,2016010702,15,야간,목,1,4,1,2,0,전북,전주시,차대차,측면직각충돌,측면직각충돌,운전자법규위반,안전운전 의무 불이행,교차로,교차로내,승용차,경형,승용차,중형,964410  ,1757527 ,127.10604168,35.81356513
2016,2016010620,54,야간,수,1,1,0,0,0,충남,천안시,차대사람,보도통행중,보도통행중,운전자법규위반,과속,교차로,교차로내,승용차,중형,보행자,보행자,968971  ,1870351 ,127.1520356,36.83086135
2016,2016011114,30,주간,월,1,1,0,0,0,충북,충주시,차대사람,기타,기타,운전자법규위반,안전운전 의무 불이행,단일로,기타단일로,화물차,소형,보행자,보행자,1025926 ,1903997 ,127.80808226,37.11151689
2016,2016011007,20,주간,일,1,1,0,0,0,인천,서구,차량단독,공작물충돌,공작물충돌,운전자법규위반,안전운전 의무 불이행,교차로,교차로부근,승용차,중형,,,925889  ,1945224 ,126.6615169,37.5033127
2016,2016011008,25,주간,일,1,1,0,0,0,경북,문경시,차대차,측면직각충돌,측면직각충돌,운전자법규위반,안전운전 의무 불이행,단일로,기타단일로,원동기장치자전거,원동기장치자전거,승용차,중형,1051552 ,1862478 ,128.07757119,36.75899565
2016,2016011717,40,주간,일,1,1,0,0,0,경북,영천시,차대사람,기타,기타,운전자법규위반,안전운전 의무 불이행,단일로,기타단일로,승합차,경형,보행자,보행자,1145167 ,1774717 ,129.10977128,35.95839953
2016,2016011718,15,야간,일,1,5,4,0,0,전남,광양시,차대차,정면충돌,정면충돌,운전자법규위반,중앙선 침범,교차로,교차로부근,승합차,경형,승용차,경형,1018666 ,1659431 ,127.70437995,34.92951831
2016,2016011619,50,야간,토,1,1,0,0,0,충남,천안시,차대사람,횡단중,횡단중,운전자법규위반,안전운전 의무 불이행,단일로,기타단일로,화물차,소형,보행자,보행자,967318  ,1883227 ,127.13294365,36.94687525
2016,2016011422,35,야간,목,1,1,0,0,0,충북,괴산군,차량단독,공작물충돌,공작물충돌,운전자법규위반,안전운전 의무 불이행,단일로,기타단일로,승용차,경형,,,1019126 ,1852150 ,127.7140271,36.66709964
2016,2016012021,38,야간,수,1,1,0,0,0,경기,고양시,차대차,정면충돌,정면충돌,운전자법규위반,중앙선 침범,교차로,교차로부근,승용차,중형,원동기장치자전거,원동기장치자전거,946872  ,1967553 ,126.89728009,37.70601066
2016,2016012101,00,야간,목,1,1,0,0,0,인천,서구,차량단독,공작물충돌,공작물충돌,운전자법규위반,안전운전 의무 불이행,단일로,기타단일로,승용차,소형,,,925496  ,1950713 ,126.65651409,37.55275147
2016,2016012419,38,야간,일,1,1,0,0,0,대구,동구,차대사람,횡단중,횡단중,운전자법규위반,보행자 보호의무 위반,단일로,횡단보도상,승용차,대형,보행자,보행자,1107396 ,1764822 ,128.72365145,35.87185045
2016,2016100705,45,야간,금,2,3,0,1,0,경기,평택시,차대사람,기타,기타,운전자법규위반,안전운전 의무 불이행,교차로,교차로내,승용차,경형,보행자,보행자,960078  ,1883096 ,127.05163913,36.94541523
2016,2016100317,10,주간,월,1,2,1,0,0,전남,순천시,차대차,추돌,진행중 추돌,운전자법규위반,안전운전 의무 불이행,단일로,기타단일로,화물차,소형,원동기장치자전거,원동기장치자전거,992067  ,1652275 ,127.41320677,34.86512932
2016,2016100419,39,야간,화,1,1,0,0,0,경북,봉화군,차대사람,기타,기타,운전자법규위반,안전운전 의무 불이행,단일로,기타단일로,화물차,소형,보행자,보행자,1110429 ,1883574 ,128.74017451,36.9440947
2016,2016110523,44,야간,토,1,1,0,0,0,경기,용인시,차대차,정면충돌,정면충돌,운전자법규위반,신호위반,교차로,교차로내,승용차,중형,이륜차,소형,974532  ,1918214 ,127.21277575,37.26247633
2016,2016110818,20,야간,화,1,1,0,0,0,전남,구례군,차대차,정면충돌,정면충돌,운전자법규위반,중앙선 침범,단일로,기타단일로,원동기장치자전거,원동기장치자전거,승용차,경형,997928  ,1690600 ,127.47723504,35.21074944
2016,2016110712,50,주간,월,1,1,0,0,0,인천,부평구,차대사람,기타,기타,운전자법규위반,안전운전 의무 불이행,단일로,횡단보도상,승용차,중형,보행자,보행자,931636  ,1946583 ,126.72640573,37.51600475
2016,2016110711,30,주간,월,1,1,0,0,0,경남,밀양시,차량단독,도로이탈,도로이탈 추락,운전자법규위반,안전운전 의무 불이행,단일로,기타단일로,화물차,중형,,,1117764 ,1722686 ,128.79834125,35.49308233
2016,2016111106,10,주간,금,1,1,0,0,0,경북,영덕군,차대사람,길가장자리구역통행중,길가장자리구역통행중,운전자법규위반,안전운전 의무 불이행,단일로,기타단일로,화물차,중형,보행자,보행자,1157740 ,1816289 ,129.25747755,36.33107458
2016,2016111701,05,야간,목,2,2,0,0,0,경기,시흥시,차대차,측면직각충돌,측면직각충돌,운전자법규위반,신호위반,교차로,교차로내,이륜차,중형,승용차,경형,932859  ,1927407 ,126.74198862,37.34326165
2016,2016111302,30,야간,일,1,1,0,0,0,경기,부천시,차대차,측면직각충돌,측면직각충돌,운전자법규위반,신호위반,교차로,교차로내,이륜차,소형,승용차,경형,934812  ,1947117 ,126.76229457,37.52104755
2016,2016111721,15,야간,목,1,1,0,0,0,경북,칠곡군,차대사람,횡단중,횡단중,운전자법규위반,안전운전 의무 불이행,단일로,기타단일로,승용차,소형,보행자,보행자,1092742 ,1783517 ,128.52956406,36.04411704
2016,2016111718,15,야간,목,1,1,0,0,0,경기,포천시,차대사람,횡단중,횡단중,운전자법규위반,보행자 보호의무 위반,단일로,횡단보도상,화물차,중형,보행자,보행자,976522  ,1985742 ,127.23305516,37.87119004
2016,2016111512,32,주간,화,1,1,0,0,0,전남,나주시,차대차,정면충돌,정면충돌,운전자법규위반,중앙선 침범,단일로,기타단일로,화물차,소형,이륜차,사발이,916687  ,1664068 ,126.58736506,34.96807508
2016,2016112218,00,야간,화,1,1,0,0,0,경기,광주시,차대사람,횡단중,횡단중,운전자법규위반,안전운전 의무 불이행,교차로,교차로내,승용차,소형,보행자,보행자,978360  ,1928238 ,127.25565476,37.35292831
2016,2016112600,05,야간,토,1,1,0,0,0,전북,전주시,차량단독,전도전복,전도전복,운전자법규위반,안전운전 의무 불이행,단일로,기타단일로,승용차,소형,,,963412  ,1759499 ,127.09490438,35.83130794
2016,2016112301,45,야간,수,1,1,0,0,0,충북,청주시,차량단독,전도전복,전도전복,운전자법규위반,안전운전 의무 불이행,교차로,교차로내,승용차,대형,,,999568  ,1846464 ,127.49602332,36.61607781
2016,2016110111,00,주간,화,1,1,0,0,0,충남,금산군,차량단독,기타,기타,운전자법규위반,안전운전 의무 불이행,단일로,기타단일로,원동기장치자전거,원동기장치자전거,,,999206  ,1789303 ,127.49117904,36.10070302
2016,2016102911,10,주간,토,1,1,0,0,0,충북,청주시,차량단독,전도전복,전도전복,운전자법규위반,안전운전 의무 불이행,단일로,기타단일로,농기계,농기계,,,1006607 ,1850605 ,127.57392169,36.65334092
2016,2016110318,35,야간,목,1,2,0,1,0,전북,군산시,차대차,기타,기타,운전자법규위반,신호위반,교차로,교차로내,이륜차,소형,승합차,소형,929280  ,1774425 ,126.71569886,35.9640019
2016,2016110420,00,야간,금,1,1,0,0,0,경남,창녕군,차대사람,횡단중,횡단중,운전자법규위반,안전운전 의무 불이행,교차로,교차로내,승용차,소형,보행자,보행자,1093070 ,1718656 ,128.5256739,35.45937302
2016,2016110510,25,주간,토,1,1,0,0,0,서울,강서구,차대사람,횡단중,횡단중,운전자법규위반,안전운전 의무 불이행,교차로,교차로부근,화물차,소형,보행자,보행자,944906  ,1950158 ,126.87628917,37.54911454
2016,2016110212,45,주간,수,3,14,6,5,0,충남,보령시,차대차,정면충돌,정면충돌,운전자법규위반,신호위반,교차로,교차로내,승용차,대형,승합차,대형,918054  ,1816271 ,126.58684996,36.34034751
2016,2016120915,28,주간,금,1,3,2,0,0,전북,정읍시,차대차,추돌,진행중 추돌,운전자법규위반,안전운전 의무 불이행,교차로,교차로부근,화물차,중형,건설기계,건설기계,938156  ,1732459 ,126.81759584,35.58637491
2016,2016120723,55,야간,수,1,1,0,0,0,경기,시흥시,차량단독,공작물충돌,공작물충돌,운전자법규위반,안전운전 의무 불이행,교차로,교차로부근,이륜차,소형,,,932039  ,1928066 ,126.73267126,37.3491416
2016,2016120616,17,주간,화,1,3,1,1,0,전북,남원시,차대차,정면충돌,정면충돌,운전자법규위반,중앙선 침범,단일로,기타단일로,승용차,경형,화물차,소형,987003  ,1712126 ,127.35686132,35.40476634
2016,2016122018,35,야간,화,1,1,0,0,0,경북,영덕군,차대사람,횡단중,횡단중,운전자법규위반,안전운전 의무 불이행,단일로,기타단일로,승용차,대형,보행자,보행자,1168115 ,1826960 ,129.37532538,36.4254707
2016,2016121718,37,야간,토,1,1,0,0,0,경기,양평군,차대차,기타,기타,운전자법규위반,중앙선 침범,단일로,기타단일로,승용차,소형,원동기장치자전거,원동기장치자전거,1009329 ,1943092 ,127.60552525,37.48702436
2016,2016121313,40,주간,화,1,1,0,0,0,경북,구미시,차대사람,횡단중,횡단중,운전자법규위반,안전운전 의무 불이행,교차로,교차로부근,건설기계,건설기계,보행자,보행자,1084603 ,1797739 ,128.44074907,36.17306396
2016,2016121511,20,주간,목,1,1,0,0,0,충남,예산군,차대차,추돌,진행중 추돌,운전자법규위반,안전운전 의무 불이행,단일로,기타단일로,이륜차,소형,승용차,소형,927816  ,1859234 ,126.69159951,36.72840799
2016,2016121620,20,야간,금,1,1,0,0,0,광주,광산구,차대차,기타,기타,운전자법규위반,안전운전 의무 불이행,단일로,기타단일로,승합차,대형,승용차,중형,940010  ,1690181 ,126.8409428,35.20517977
2016,2016121317,45,주간,화,1,1,0,0,0,충남,공주시,차대사람,횡단중,횡단중,운전자법규위반,안전운전 의무 불이행,교차로,교차로내,승용차,경형,보행자,보행자,966154  ,1828423 ,127.12229573,36.45279315
2016,2016121300,40,야간,화,1,1,0,0,0,강원,양양군,차량단독,공작물충돌,공작물충돌,운전자법규위반,안전운전 의무 불이행,기타/불명,기타/불명,승합차,소형,,,1095488 ,2008581 ,128.58864954,38.07229704
2016,2016121606,25,주간,금,1,1,0,0,0,부산,사하구,차대차,기타,기타,운전자법규위반,안전운전 의무 불이행,단일로,기타단일로,승용차,소형,자전거,자전거,1132704 ,1675302 ,128.95681799,35.05842647