발생년,발생년월일시,발생분,주야,요일,사망자수,사상자수,중상자수,경상자수,부상신고자수,발생지시도,발생지시군구,사고유형_대분류,사고유형_중분류,사고유형,법규위반_대분류,법규위반,도로형태_대분류,도로형태,당사자종별_1당_대분류,당사자종별_1당,당사자종별_2당_대분류,당사자종별_2당,발생위치X_UTMK,발생위치Y_UTMK,경도,위도
2016,2016122118,00,야간,수,1,2,1,0,0,전남,해남군,차대차,정면충돌,정면충돌,운전자법규위반,과속,교차로,교차로부근,승용차,경형,승용차,경형,921411  ,1611423 ,126.64401621,34.49376213
2016,2016122118,40,야간,수,1,12,0,8,3,경기,군포시,차대사람,기타,기타,운전자법규위반,신호위반,교차로,교차로내,승합차,대형,보행자,보행자,949447  ,1929187 ,126.92913318,37.36035728
2016,2016122219,14,야간,목,1,1,0,0,0,충북,제천시,차대사람,횡단중,횡단중,운전자법규위반,안전운전 의무 불이행,단일로,기타단일로,승용차,소형,보행자,보행자,1062649 ,1904569 ,128.20538012,37.13772823
2016,2016120217,42,주간,금,1,1,0,0,0,충남,보령시,차대차,추돌,진행중 추돌,운전자법규위반,안전운전 의무 불이행,단일로,기타단일로,승용차,대형,건설기계,건설기계,915129  ,1817832 ,126.55408951,36.35416518
2016,2016120216,40,주간,금,1,1,0,0,0,전북,부안군,차대차,정면충돌,정면충돌,운전자법규위반,중앙선 침범,단일로,기타단일로,자전거,자전거,승용차,중형,926658  ,1744564 ,126.68936549,35.69460267
2016,2016113013,40,주간,수,1,1,0,0,0,울산,북구,차대사람,차도통행중,차도통행중,운전자법규위반,기타(운전자법규위반),단일로,기타단일로,화물차,대형,보행자,보행자,1169263 ,1731398 ,129.36770551,35.56415058
2016,2016113007,00,주간,수,1,1,0,0,0,경기,군포시,차대사람,횡단중,횡단중,운전자법규위반,안전운전 의무 불이행,단일로,기타단일로,승용차,중형,보행자,보행자,951029  ,1927560 ,126.94710462,37.34577723
2016,2016113006,00,주간,수,1,1,0,0,0,대전,중구,차대사람,횡단중,횡단중,운전자법규위반,신호위반,교차로,교차로부근,승용차,중형,보행자,보행자,994864  ,1812418 ,127.44279007,36.30908606
2016,2016112921,09,야간,화,1,1,0,0,0,경북,포항시,차대사람,횡단중,횡단중,운전자법규위반,안전운전 의무 불이행,단일로,기타단일로,승용차,소형,보행자,보행자,1167502 ,1782340 ,129.35894856,36.02351498
2016,2016113017,38,주간,수,1,1,0,0,0,전남,목포시,차대사람,횡단중,횡단중,운전자법규위반,안전운전 의무 불이행,교차로,교차로내,승용차,중형,보행자,보행자,899432  ,1645790 ,126.40057426,34.80171423
2016,2016120312,50,주간,토,1,2,0,1,0,경남,김해시,차대차,측면직각충돌,측면직각충돌,운전자법규위반,중앙선 침범,교차로,교차로부근,승용차,중형,화물차,대형,1114445 ,1698004 ,128.75829735,35.27097004
2016,2016112710,43,주간,일,1,1,0,0,0,울산,울주군,차량단독,전도전복,전도전복,운전자법규위반,안전운전 의무 불이행,단일로,기타단일로,이륜차,소형,,,1138615 ,1737113 ,129.03062527,35.6204264
2016,2016112803,10,야간,월,1,1,0,0,0,경북,경주시,차대차,기타,기타,운전자법규위반,안전운전 의무 불이행,단일로,기타단일로,승용차,소형,자전거,자전거,1160601 ,1756002 ,129.27707851,35.78732679
2016,2016112817,53,주간,월,1,1,0,0,0,경기,파주시,차대사람,차도통행중,차도통행중,운전자법규위반,안전운전 의무 불이행,교차로,교차로내,화물차,소형,보행자,보행자,940551  ,1985202 ,126.82412763,37.86468574
2016,2016122916,30,주간,목,1,1,0,0,0,경북,청송군,차대차,기타,기타,운전자법규위반,기타(운전자법규위반),단일로,기타단일로,화물차,소형,원동기장치자전거,원동기장치자전거,1125638 ,1808889 ,128.8987266,36.26910401
2016,2016122922,15,야간,목,1,1,0,0,0,세종,세종,차량단독,전도전복,전도전복,운전자법규위반,안전운전 의무 불이행,단일로,기타단일로,승용차,경형,,,980073  ,1829363 ,127.27759912,36.46165786
2016,2016113022,46,야간,수,1,1,0,0,0,경기,과천시,차대사람,기타,기타,운전자법규위반,안전운전 의무 불이행,단일로,기타단일로,승합차,중형,보행자,보행자,955549  ,1938895 ,126.997453,37.44817248
2016,2016113020,37,야간,수,1,5,4,0,0,충북,충주시,차대차,정면충돌,정면충돌,운전자법규위반,안전운전 의무 불이행,단일로,기타단일로,승합차,대형,건설기계,건설기계,1041840 ,1899973 ,127.97083899,37.0974628
2016,2016112720,00,야간,일,1,1,0,0,0,광주,서구,차대차,기타,기타,운전자법규위반,신호위반,교차로,교차로내,화물차,중형,이륜차,중형,940638  ,1684239 ,126.84826947,35.15164054
2016,2016120112,20,주간,목,1,1,0,0,0,충북,영동군,차량단독,전도전복,전도전복,운전자법규위반,안전운전 의무 불이행,단일로,기타단일로,화물차,소형,,,1036110 ,1792649 ,127.90131377,36.13019785
2016,2016112817,44,주간,월,1,1,0,0,0,서울,양천구,차대차,추돌,진행중 추돌,운전자법규위반,중앙선 침범,교차로,교차로내,자전거,자전거,승용차,중형,944543  ,1946924 ,126.87242424,37.51994449
2016,2016122911,30,주간,목,1,1,0,0,0,전남,장성군,차대차,측면직각충돌,측면직각충돌,운전자법규위반,안전운전 의무 불이행,교차로,교차로내,승용차,소형,이륜차,소형,933653  ,1699682 ,126.77034172,35.29044376
2016,2016122221,40,야간,목,1,2,1,0,0,대구,서구,차대사람,횡단중,횡단중,운전자법규위반,과속,단일로,기타단일로,승합차,대형,보행자,보행자,1094309 ,1763157 ,128.54482833,35.86059615
2016,2016122400,00,야간,토,1,1,0,0,0,경기,광명시,차대사람,기타,기타,운전자법규위반,안전운전 의무 불이행,교차로,교차로부근,화물차,소형,보행자,보행자,945045  ,1940433 ,126.87858965,37.46147019
2016,2016122707,03,주간,화,1,1,0,0,0,경기,의정부시,차대사람,횡단중,횡단중,운전자법규위반,안전운전 의무 불이행,단일로,기타단일로,승용차,중형,보행자,보행자,958933  ,1970859 ,127.03391679,37.73642776
2016,2016120118,33,야간,목,1,1,0,0,0,서울,은평구,차대사람,횡단중,횡단중,운전자법규위반,안전운전 의무 불이행,교차로,교차로부근,이륜차,소형,보행자,보행자,948375  ,1957804 ,126.91502024,37.61822937
2016,2016112717,10,주간,일,1,1,0,0,0,충북,충주시,차대차,측면직각충돌,측면직각충돌,운전자법규위반,중앙선 침범,단일로,기타단일로,자전거,자전거,승용차,대형,1036860 ,1886173 ,127.91412282,36.97327695
2016,2016120123,00,야간,목,1,1,0,0,0,대구,달서구,차대차,측면직각충돌,측면직각충돌,운전자법규위반,중앙선 침범,단일로,기타단일로,이륜차,소형,승용차,대형,1090817 ,1758274 ,128.50531172,35.81674175
2016,2016112908,10,주간,화,1,2,0,1,0,인천,남동구,차대사람,기타,기타,운전자법규위반,기타(운전자법규위반),단일로,횡단보도상,화물차,중형,보행자,보행자,929149  ,1941164 ,126.69878767,37.46697675
2016,2016122816,04,주간,수,1,1,0,0,0,경북,구미시,차대차,기타,기타,운전자법규위반,신호위반,단일로,기타단일로,승용차,경형,자전거,자전거,1077548 ,1788266 ,128.36137514,36.08825816
2016,2016122901,55,야간,목,1,1,0,0,0,충남,천안시,차대사람,횡단중,횡단중,운전자법규위반,안전운전 의무 불이행,단일로,기타단일로,승용차,중형,보행자,보행자,969582  ,1867140 ,127.15901576,36.80193549
2016,2016123120,30,야간,토,1,1,0,0,0,경북,구미시,차대차,추돌,진행중 추돌,운전자법규위반,안전운전 의무 불이행,단일로,기타단일로,원동기장치자전거,원동기장치자전거,화물차,중형,1077695 ,1790179 ,128.36319639,36.10549168
2016,2016123118,50,야간,토,1,2,0,1,0,대구,달성군,차대사람,기타,기타,운전자법규위반,안전운전 의무 불이행,단일로,기타단일로,승용차,대형,보행자,보행자,1087115 ,1762986 ,128.46485149,35.85955571
2016,2016123118,20,야간,토,1,1,0,0,0,충남,태안군,차대차,추돌,진행중 추돌,운전자법규위반,안전운전 의무 불이행,단일로,기타단일로,이륜차,소형,승용차,중형,897991  ,1835883 ,126.36073733,36.51520342
2016,2016123123,15,야간,토,1,2,1,0,0,충북,충주시,차량단독,전도전복,전도전복,운전자법규위반,안전운전 의무 불이행,단일로,기타단일로,승용차,중형,,,1038099 ,1893361 ,127.9284061,37.03802142
2016,2016123102,55,야간,토,1,1,0,0,0,경남,창원시(통합),차대사람,기타,기타,운전자법규위반,안전운전 의무 불이행,단일로,기타단일로,승용차,중형,보행자,보행자,1104829 ,1694376 ,128.65212851,35.23931611
2016,2016123104,10,야간,토,1,3,2,0,0,경남,창원시(통합),차량단독,공작물충돌,공작물충돌,운전자법규위반,안전운전 의무 불이행,단일로,횡단보도부근,승용차,중형,,,1098135 ,1690195 ,128.57807113,35.2023002
2016,2016122718,00,야간,화,1,1,0,0,0,경기,의왕시,차대사람,횡단중,횡단중,운전자법규위반,안전운전 의무 불이행,교차로,교차로내,승용차,소형,보행자,보행자,954085  ,1932587 ,126.98129447,37.3912443
2016,2016122415,00,주간,토,1,4,2,1,0,경남,사천시,차대차,정면충돌,정면충돌,운전자법규위반,중앙선 침범,단일로,기타단일로,승용차,소형,승용차,중형,1039346 ,1670249 ,127.93131879,35.02647473
2016,2016122118,40,야간,수,1,1,0,0,0,인천,옹진군,차량단독,전도전복,전도전복,운전자법규위반,안전운전 의무 불이행,단일로,기타단일로,승용차,중형,,,907990  ,1917827 ,126.4624447,37.25479004
2016,2016112818,15,야간,월,1,1,0,0,0,전북,부안군,차대사람,횡단중,횡단중,운전자법규위반,안전운전 의무 불이행,단일로,기타단일로,승용차,중형,보행자,보행자,925630  ,1743569 ,126.67809628,35.68555522
2016,2016090213,15,주간,금,1,1,0,0,0,전북,완주군,차대사람,횡단중,횡단중,운전자법규위반,안전운전 의무 불이행,단일로,기타단일로,화물차,소형,보행자,보행자,963001  ,1771900 ,127.08977772,35.94309848
2016,2016010512,20,주간,화,1,4,0,3,0,경북,안동시,차대차,추돌,진행중 추돌,운전자법규위반,안전운전 의무 불이행,교차로,교차로부근,승용차,소형,화물차,소형,1108505 ,1839866 ,128.71235769,36.55038777
2016,2016022222,05,야간,월,1,1,0,0,0,대전,대덕구,차대차,추돌,진행중 추돌,운전자법규위반,안전운전 의무 불이행,교차로,교차로부근,이륜차,소형,승용차,경형,993523  ,1819687 ,127.4277922,36.37461108
2016,2016092901,10,야간,목,1,2,1,0,0,경기,수원시,차량단독,공작물충돌,공작물충돌,운전자법규위반,안전운전 의무 불이행,지하도로내,지하도로내,이륜차,소형,,,952959  ,1920735 ,126.96932735,37.28392864
2016,2016021507,35,주간,월,1,1,0,0,0,부산,해운대구,차대차,기타,기타,운전자법규위반,신호위반,교차로,교차로부근,건설기계,건설기계,승용차,중형,1148366 ,1686975 ,129.12914394,35.1671078
2016,2016021713,10,주간,수,1,1,0,0,0,전남,광양시,차대사람,횡단중,횡단중,운전자법규위반,안전운전 의무 불이행,단일로,기타단일로,화물차,소형,보행자,보행자,1013916 ,1663072 ,127.65243164,34.96242734
2016,2016030814,35,주간,화,1,1,0,0,0,전남,해남군,차대차,정면충돌,정면충돌,운전자법규위반,교차로 통행방법 위반,교차로,교차로내,자전거,자전거,화물차,소형,909546  ,1599134 ,126.5160993,34.38197938
2016,2016030423,35,야간,금,1,1,0,0,0,서울,서초구,차대사람,횡단중,횡단중,운전자법규위반,안전운전 의무 불이행,단일로,기타단일로,승용차,중형,보행자,보행자,960815  ,1940012 ,127.05692737,37.45847867
2016,2016022323,20,야간,화,1,1,0,0,0,경북,예천군,차량단독,공작물충돌,공작물충돌,운전자법규위반,안전운전 의무 불이행,교차로,교차로부근,승용차,경형,,,1086795 ,1849496 ,128.47090798,36.63940967
2016,2016011617,45,주간,토,1,1,0,0,0,전북,익산시,차대차,정면충돌,정면충돌,운전자법규위반,중앙선 침범,교차로,교차로부근,이륜차,소형,화물차,소형,949826  ,1780150 ,126.94318451,36.01688867
2016,2016011618,50,야간,토,1,1,0,0,0,전북,익산시,차대사람,횡단중,횡단중,운전자법규위반,안전운전 의무 불이행,교차로,교차로내,승용차,중형,보행자,보행자,952595  ,1786624 ,126.97352434,36.0753937
2016,2016011518,20,야간,금,1,1,0,0,0,광주,서구,차대사람,횡단중,횡단중,운전자법규위반,안전운전 의무 불이행,단일로,기타단일로,승합차,대형,보행자,보행자,944000  ,1684424 ,126.8851661,35.15350154
2016,2016011514,45,주간,금,1,1,0,0,0,전남,완도군,차량단독,전도전복,전도전복,운전자법규위반,안전운전 의무 불이행,단일로,기타단일로,승용차,중형,,,914645  ,1578273 ,126.57362315,34.1943026
2016,2016012200,45,야간,금,1,1,0,0,0,대구,달성군,차량단독,공작물충돌,공작물충돌,운전자법규위반,안전운전 의무 불이행,단일로,기타단일로,승용차,소형,,,1086918 ,1765649 ,128.46296034,35.88357978
2016,2016011818,13,야간,월,1,1,0,0,0,울산,울주군,차대사람,횡단중,횡단중,운전자법규위반,안전운전 의무 불이행,단일로,기타단일로,승용차,경형,보행자,보행자,1164744 ,1720804 ,129.31571217,35.46943822
2016,2016011820,05,야간,월,1,1,0,0,0,경기,오산시,차대사람,횡단중,횡단중,운전자법규위반,보행자 보호의무 위반,교차로,교차로부근,승합차,대형,보행자,보행자,962548  ,1904327 ,127.07832169,37.13689556
2016,2016012519,20,야간,월,1,1,0,0,0,경기,평택시,차대사람,횡단중,횡단중,운전자법규위반,안전운전 의무 불이행,단일로,기타단일로,승용차,중형,보행자,보행자,963561  ,1889934 ,127.09042528,37.00719581
2016,2016012301,28,야간,토,1,1,0,0,0,부산,사상구,차대차,추돌,진행중 추돌,운전자법규위반,안전운전 의무 불이행,고가도로위,고가도로위,화물차,소형,화물차,소형,1138042 ,1685319 ,129.01555636,35.15363913
2016,2016012308,00,주간,토,1,1,0,0,0,서울,관악구,차대사람,차도통행중,차도통행중,운전자법규위반,안전운전 의무 불이행,단일로,기타단일로,승용차,중형,보행자,보행자,950415  ,1943140 ,126.93912647,37.48617282
2016,2016012718,20,야간,수,1,1,0,0,0,경남,창원시(통합),차대사람,횡단중,횡단중,운전자법규위반,안전운전 의무 불이행,단일로,횡단보도상,승용차,중형,보행자,보행자,1104946 ,1694569 ,128.65343881,35.24104381
2016,2016012919,53,야간,금,1,1,0,0,0,서울,강서구,차대사람,차도통행중,차도통행중,운전자법규위반,안전운전 의무 불이행,단일로,기타단일로,승합차,대형,보행자,보행자,939223  ,1951550 ,126.81198658,37.56128421
2016,2016012806,50,주간,목,1,1,0,0,0,강원,춘천시,차대사람,횡단중,횡단중,운전자법규위반,안전운전 의무 불이행,단일로,횡단보도부근,승용차,중형,보행자,보행자,1007990 ,1981633 ,127.59080126,37.83442273
2016,2016020122,55,야간,월,1,1,0,0,0,전남,함평군,차대사람,횡단중,횡단중,운전자법규위반,과속,단일로,기타단일로,승용차,중형,보행자,보행자,912379  ,1670443 ,126.53950831,35.02518942
2016,2016020205,45,야간,화,1,1,0,0,0,전남,목포시,차대사람,횡단중,횡단중,운전자법규위반,안전운전 의무 불이행,단일로,기타단일로,승합차,경형,보행자,보행자,901924  ,1646392 ,126.42774263,34.807385
2016,2016020304,45,야간,수,1,1,0,0,0,서울,도봉구,차대사람,차도통행중,차도통행중,운전자법규위반,안전운전 의무 불이행,단일로,횡단보도상,승용차,중형,보행자,보행자,959793  ,1963808 ,127.04406639,37.67291482
2016,2016020114,10,주간,월,1,1,0,0,0,제주,제주시,차대사람,횡단중,횡단중,운전자법규위반,안전운전 의무 불이행,단일로,기타단일로,화물차,소형,보행자,보행자,908517  ,1501836 ,126.51505496,33.50443332
2016,2016020107,00,주간,월,1,1,0,0,0,강원,원주시,차대사람,횡단중,횡단중,운전자법규위반,보행자 보호의무 위반,단일로,횡단보도상,승합차,경형,보행자,보행자,1037927 ,1928434 ,127.92825413,37.35417218
2016,2016060600,30,야간,월,1,2,0,1,0,경북,김천시,차대차,추돌,진행중 추돌,운전자법규위반,안전운전 의무 불이행,단일로,기타단일로,화물차,대형,승용차,중형,1068915 ,1796483 ,128.26621067,36.16298485
2016,2016052503,14,야간,수,2,10,1,5,2,경기,화성시,차대차,측면직각충돌,측면직각충돌,운전자법규위반,안전운전 의무 불이행,단일로,기타단일로,화물차,중형,특수차,대형,945481  ,1917780 ,126.8851874,37.25731637
2016,2016120710,40,주간,수,1,1,0,0,0,충남,금산군,차대사람,기타,기타,운전자법규위반,안전운전 의무 불이행,단일로,기타단일로,화물차,중형,보행자,보행자,1003062 ,1787835 ,127.53401164,36.08746332
2016,2016123105,40,야간,토,1,2,1,0,0,충남,당진시,차대차,추돌,진행중 추돌,운전자법규위반,안전거리 미확보,단일로,기타단일로,화물차,소형,화물차,대형,933448  ,1879779 ,126.75287003,36.91401095
2016,2016120118,20,야간,목,1,1,0,0,0,전북,군산시,차대사람,횡단중,횡단중,운전자법규위반,보행자 보호의무 위반,교차로,교차로부근,승용차,경형,보행자,보행자,940463  ,1771633 ,126.83992225,35.93957731
2016,2016120218,50,야간,금,1,1,0,0,0,전북,부안군,차대사람,횡단중,횡단중,운전자법규위반,안전운전 의무 불이행,교차로,교차로부근,승용차,경형,보행자,보행자,926522  ,1736141 ,126.68863093,35.61865454
2016,2016112902,10,야간,화,1,1,0,0,0,경남,사천시,차대사람,기타,기타,운전자법규위반,보행자 보호의무 위반,단일로,기타단일로,승용차,경형,보행자,보행자,1052752 ,1660185 ,128.07763463,34.93511625
2016,2016112806,40,주간,월,1,1,0,0,0,충남,천안시,차대사람,횡단중,횡단중,운전자법규위반,보행자 보호의무 위반,단일로,횡단보도상,승용차,경형,보행자,보행자,968567  ,1875097 ,127.14730866,36.87363074
2016,2016112912,33,주간,화,1,1,0,0,0,경기,김포시,차대차,정면충돌,정면충돌,운전자법규위반,안전운전 의무 불이행,단일로,기타단일로,화물차,중형,원동기장치자전거,원동기장치자전거,923854  ,1969202 ,126.63599892,37.71924809
2016,2016112906,20,주간,화,1,1,0,0,0,충남,청양군,차량단독,공작물충돌,공작물충돌,운전자법규위반,안전운전 의무 불이행,단일로,기타단일로,화물차,소형,,,935643  ,1836878 ,126.78112285,36.52744779
2016,2016122903,00,야간,목,2,4,0,2,0,충남,아산시,차대차,기타,기타,운전자법규위반,안전운전 의무 불이행,단일로,기타단일로,승용차,중형,승용차,소형,952937  ,1868555 ,126.97234455,36.81400948
2016,2016122906,10,주간,목,1,1,0,0,0,인천,부평구,차대차,측면직각충돌,측면직각충돌,운전자법규위반,신호위반,교차로,교차로부근,자전거,자전거,승합차,대형,930712  ,1943847 ,126.71627994,37.4910573
2016,2016123017,10,주간,금,1,2,0,1,0,경기,용인시,차대차,측면직각충돌,측면직각충돌,운전자법규위반,중앙선 침범,단일로,기타단일로,승용차,경형,승용차,중형,982944  ,1908750 ,127.30786091,37.17735956
2016,2016122705,05,야간,화,1,1,0,0,0,경남,김해시,차대사람,횡단중,횡단중,운전자법규위반,안전운전 의무 불이행,단일로,기타단일로,화물차,중형,보행자,보행자,1125898 ,1693208 ,128.88345455,35.22636179
2016,2016122720,20,야간,화,1,1,0,0,0,경기,용인시,차대사람,횡단중,횡단중,운전자법규위반,신호위반,단일로,횡단보도상,화물차,중형,보행자,보행자,962891  ,1923794 ,127.08017896,37.31329032
2016,2016122721,40,야간,화,1,4,0,2,1,강원,동해시,차대차,측면직각충돌,측면직각충돌,운전자법규위반,중앙선 침범,단일로,기타단일로,화물차,소형,승합차,대형,1145098 ,1942504 ,129.14085753,37.47037668
2016,2016122515,15,주간,일,1,1,0,0,0,충남,아산시,차량단독,전도전복,전도전복,운전자법규위반,안전운전 의무 불이행,기타/불명,기타/불명,승용차,경형,,,960735  ,1870975 ,127.05964569,36.83618019
2016,2016122810,05,주간,수,1,1,0,0,0,강원,원주시,차대사람,횡단중,횡단중,운전자법규위반,안전운전 의무 불이행,교차로,교차로내,승용차,중형,보행자,보행자,1039724 ,1927947 ,127.94851835,37.34970735
2016,2016122410,05,주간,토,1,1,0,0,0,경기,시흥시,차대차,측면직각충돌,측면직각충돌,운전자법규위반,부당한 회전,단일로,횡단보도상,자전거,자전거,승용차,경형,932354  ,1927263 ,126.73630085,37.3419271
2016,2016122418,49,야간,토,1,1,0,0,0,경기,여주시,차대사람,차도통행중,차도통행중,운전자법규위반,안전운전 의무 불이행,단일로,기타단일로,화물차,소형,보행자,보행자,995342  ,1933697 ,127.44737022,37.40237558
2016,2016122112,07,주간,수,1,1,0,0,0,강원,삼척시,차대차,측면직각충돌,측면직각충돌,운전자법규위반,안전운전 의무 불이행,교차로,교차로부근,화물차,소형,건설기계,건설기계,1141845 ,1933074 ,129.10227163,37.38591519
2016,2016120210,45,주간,금,1,5,3,1,0,광주,북구,차대차,측면직각충돌,측면직각충돌,운전자법규위반,안전운전 의무 불이행,단일로,기타단일로,승용차,중형,화물차,대형,942597  ,1691936 ,126.86923993,35.22115521
2016,2016112823,13,야간,월,1,1,0,0,0,경기,평택시,차대차,추돌,진행중 추돌,운전자법규위반,안전운전 의무 불이행,교차로,교차로부근,승용차,경형,화물차,소형,965137  ,1889030 ,127.10818097,36.99910676
2016,2016112910,40,주간,화,1,1,0,0,0,서울,서대문구,차대사람,횡단중,횡단중,운전자법규위반,안전운전 의무 불이행,단일로,횡단보도부근,건설기계,건설기계,보행자,보행자,949644  ,1951961 ,126.92980098,37.56563636
2016,2016120310,50,주간,토,1,1,0,0,0,인천,옹진군,차량단독,전도전복,전도전복,운전자법규위반,안전운전 의무 불이행,단일로,기타단일로,불명,불명,,,755186  ,1984097 ,124.71851651,37.8238069
2016,2016112913,42,주간,화,1,1,0,0,0,경기,파주시,차대사람,횡단중,횡단중,운전자법규위반,안전운전 의무 불이행,단일로,기타단일로,승용차,경형,보행자,보행자,937165  ,1984212 ,126.78572117,37.85553619
2016,2016112908,50,주간,화,1,1,0,0,0,전남,신안군,차량단독,전도전복,전도전복,운전자법규위반,안전운전 의무 불이행,단일로,기타단일로,화물차,경형,,,893667  ,1657530 ,126.33607161,34.90697404
2016,2016120112,30,주간,목,1,2,1,0,0,전남,곡성군,차량단독,전도전복,전도전복,운전자법규위반,안전운전 의무 불이행,단일로,기타단일로,원동기장치자전거,원동기장치자전거,,,985666  ,1700769 ,127.34233585,35.30234328
2016,2016123008,05,주간,금,1,2,0,1,0,강원,원주시,차대차,정면충돌,정면충돌,운전자법규위반,교차로 통행방법 위반,교차로,교차로내,화물차,소형,승합차,대형,1038952 ,1932702 ,127.94005232,37.39259974
2016,2016123005,05,야간,금,1,1,0,0,0,서울,광진구,차대차,정면충돌,정면충돌,운전자법규위반,중앙선 침범,단일로,기타단일로,원동기장치자전거,원동기장치자전거,승용차,중형,963179  ,1949064 ,127.08320368,37.54016542
2016,2016122819,15,야간,수,1,1,0,0,0,충남,홍성군,차대사람,횡단중,횡단중,운전자법규위반,과속,교차로,교차로내,승용차,경형,보행자,보행자,931885  ,1838090 ,126.73904166,36.53811279
2016,2016122313,31,주간,금,1,1,0,0,0,부산,진구,차대사람,보도통행중,보도통행중,운전자법규위반,안전운전 의무 불이행,단일로,기타단일로,건설기계,건설기계,보행자,보행자,1141214 ,1688375 ,129.05087145,35.18070739
2016,2016122317,50,주간,금,1,1,0,0,0,경기,여주시,차대사람,길가장자리구역통행중,길가장자리구역통행중,운전자법규위반,안전운전 의무 불이행,교차로,교차로내,승용차,중형,보행자,보행자,1012813 ,1928711 ,127.64468489,37.35735575
2016,2016122300,19,야간,금,1,1,0,0,0,경기,광주시,차대사람,횡단중,횡단중,운전자법규위반,안전운전 의무 불이행,교차로,교차로부근,승용차,중형,보행자,보행자,986435  ,1927744 ,127.34684123,37.34862866
2016,2016120307,50,주간,토,1,1,0,0,0,전남,영광군,차대사람,횡단중,횡단중,운전자법규위반,안전운전 의무 불이행,교차로,교차로부근,화물차,소형,보행자,보행자,909623  ,1691030 ,126.50705157,35.21055713
2016,2016120409,35,주간,일,1,1,0,0,0,전남,여수시,차량단독,기타,기타,운전자법규위반,안전운전 의무 불이행,단일로,기타단일로,자전거,자전거,,,1011856 ,1638323 ,127.6295169,34.73927599
2016,2016113005,40,야간,수,1,1,0,0,0,전북,전주시,차대사람,횡단중,횡단중,운전자법규위반,안전운전 의무 불이행,단일로,기타단일로,이륜차,소형,보행자,보행자,965316  ,1756914 ,127.11609691,35.80807075
2016,2016113012,50,주간,수,1,1,0,0,0,전북,익산시,차대차,측면직각충돌,측면직각충돌,운전자법규위반,서행 및 일시정지위반,교차로,교차로내,화물차,소형,원동기장치자전거,원동기장치자전거,952065  ,1792425 ,126.9672855,36.12766604
2016,2016113006,35,주간,수,1,1,0,0,0,경북,문경시,차대사람,횡단중,횡단중,운전자법규위반,안전운전 의무 불이행,교차로,교차로내,화물차,소형,보행자,보행자,1067176 ,1855429 ,128.2519853,36.69447709
2016,2016113006,05,주간,수,1,2,0,1,0,광주,광산구,차대차,측면직각충돌,측면직각충돌,운전자법규위반,과속,교차로,교차로부근,승용차,중형,자전거,자전거,937689  ,1686497 ,126.81572415,35.17182146
2016,2016113015,30,주간,수,1,1,0,0,0,강원,홍천군,차대차,측면직각충돌,측면직각충돌,운전자법규위반,안전운전 의무 불이행,교차로,교차로내,자전거,자전거,승용차,경형,1035310 ,1967022 ,127.90056041,37.70208469
2016,2016123011,10,주간,금,1,1,0,0,0,경기,성남시,차대사람,횡단중,횡단중,운전자법규위반,신호위반,교차로,교차로내,승합차,중형,보행자,보행자,967163  ,1935378 ,127.12891027,37.41695709
2016,2016123012,30,주간,금,1,2,0,0,1,경기,하남시,차대사람,보도통행중,보도통행중,운전자법규위반,중앙선 침범,단일로,교량위,화물차,소형,보행자,보행자,974257  ,1948590 ,127.20861622,37.53626904
2016,2016122923,30,야간,목,1,1,0,0,0,전남,광양시,차량단독,전도전복,전도전복,운전자법규위반,안전운전 의무 불이행,단일로,기타단일로,승용차,대형,,,1009637 ,1663871 ,127.6055701,34.96968208
2016,2016122918,50,야간,목,1,1,0,0,0,경북,의성군,차대사람,횡단중,횡단중,운전자법규위반,안전운전 의무 불이행,단일로,기타단일로,승용차,경형,보행자,보행자,1103635 ,1814755 ,128.65459604,36.32459202
2016,2016122918,25,야간,목,1,1,0,0,0,경북,성주군,차대사람,횡단중,횡단중,운전자법규위반,안전운전 의무 불이행,기타/불명,기타/불명,승용차,소형,보행자,보행자,1069912 ,1770311 ,128.27497872,35.9269716
2016,2016100704,20,야간,금,1,2,1,0,0,서울,서초구,차대차,기타,기타,운전자법규위반,안전운전 의무 불이행,단일로,기타단일로,승용차,중형,승용차,중형,959830  ,1939882 ,127.04579719,37.45726464
2016,2016120523,35,야간,월,1,2,1,0,0,경기,시흥시,차대차,정면충돌,정면충돌,운전자법규위반,중앙선 침범,단일로,기타단일로,승용차,중형,승용차,중형,935646  ,1937178 ,126.77260069,37.43152617
2016,2016012502,23,야간,월,1,3,0,2,0,대전,대덕구,차대차,추돌,진행중 추돌,운전자법규위반,안전운전 의무 불이행,단일로,기타단일로,화물차,대형,승합차,대형,992723  ,1827808 ,127.41879737,36.44781872