발생년,발생년월일시,발생분,주야,요일,사망자수,사상자수,중상자수,경상자수,부상신고자수,발생지시도,발생지시군구,사고유형_대분류,사고유형_중분류,사고유형,법규위반_대분류,법규위반,도로형태_대분류,도로형태,당사자종별_1당_대분류,당사자종별_1당,당사자종별_2당_대분류,당사자종별_2당,발생위치X_UTMK,발생위치Y_UTMK,경도,위도
2016,2016102416,45,주간,월,1,1,0,0,0,전남,영광군,차량단독,전도전복,전도전복,운전자법규위반,안전운전 의무 불이행,단일로,기타단일로,이륜차,사발이,,,898575  ,1700194 ,126.3845582,35.29211764
2016,2016102515,15,주간,화,1,1,0,0,0,경기,광주시,차대사람,기타,기타,운전자법규위반,안전운전 의무 불이행,단일로,기타단일로,승용차,대형,보행자,보행자,978721  ,1934369 ,127.25955454,37.40820008
2016,2016102219,19,야간,토,1,1,0,0,0,경북,경산시,차대사람,횡단중,횡단중,운전자법규위반,안전운전 의무 불이행,교차로,교차로내,승용차,경형,보행자,보행자,1118159 ,1774129 ,128.81026774,35.95674296
2016,2016100700,05,야간,금,1,1,0,0,0,경남,창원시(통합),차대사람,횡단중,횡단중,운전자법규위반,안전운전 의무 불이행,교차로,교차로내,승용차,중형,보행자,보행자,1098850 ,1693499 ,128.58632141,35.23201721
2016,2016093008,14,주간,금,1,1,0,0,0,충남,논산시,차대사람,횡단중,횡단중,운전자법규위반,안전운전 의무 불이행,단일로,기타단일로,승합차,경형,보행자,보행자,974425  ,1800109 ,127.21552402,36.19778915
2016,2016100300,46,야간,월,1,1,0,0,0,인천,연수구,차대차,기타,기타,운전자법규위반,안전운전 의무 불이행,단일로,기타단일로,승용차,중형,원동기장치자전거,원동기장치자전거,928808  ,1936290 ,126.6964585,37.42308043
2016,2016091819,20,야간,일,1,1,0,0,0,충북,충주시,차대사람,횡단중,횡단중,운전자법규위반,안전운전 의무 불이행,교차로,교차로내,승용차,중형,보행자,보행자,1039946 ,1891052 ,127.94905167,37.01713104
2016,2016091723,02,야간,토,1,1,0,0,0,광주,서구,차대사람,횡단중,횡단중,운전자법규위반,안전운전 의무 불이행,단일로,기타단일로,승용차,중형,보행자,보행자,942988  ,1683348 ,126.87413005,35.1437427
2016,2016091716,00,주간,토,1,6,1,4,0,강원,홍천군,차대차,정면충돌,정면충돌,운전자법규위반,중앙선 침범,단일로,기타단일로,승용차,중형,승합차,경형,1079409 ,1972053 ,128.40133246,37.74466473
2016,2016091909,10,주간,월,1,1,0,0,0,경기,양주시,차대사람,횡단중,횡단중,운전자법규위반,안전운전 의무 불이행,단일로,횡단보도부근,승합차,경형,보행자,보행자,963091  ,1977466 ,127.08077009,37.79615391
2016,2016092815,10,주간,수,1,1,0,0,0,경기,파주시,차량단독,공작물충돌,공작물충돌,운전자법규위반,안전운전 의무 불이행,단일로,기타단일로,원동기장치자전거,원동기장치자전거,,,937796  ,1986692 ,126.79267996,37.87793028
2016,2016092314,06,주간,금,1,1,0,0,0,경기,평택시,차대차,기타,기타,운전자법규위반,중앙선 침범,교차로,교차로부근,자전거,자전거,특수차,경형,955636  ,1902911 ,127.0005847,37.12382952
2016,2016092811,48,주간,수,1,1,0,0,0,인천,계양구,차량단독,공작물충돌,공작물충돌,운전자법규위반,안전운전 의무 불이행,단일로,기타단일로,승용차,소형,,,930302  ,1947965 ,126.71117081,37.52885986
2016,2016092416,45,주간,토,1,1,0,0,0,전남,광양시,차대차,측면직각충돌,측면직각충돌,운전자법규위반,신호위반,교차로,교차로내,건설기계,건설기계,원동기장치자전거,원동기장치자전거,1017271 ,1660524 ,127.68912835,34.93939915
2016,2016092606,25,주간,월,1,1,0,0,0,경기,화성시,차량단독,공작물충돌,공작물충돌,운전자법규위반,안전운전 의무 불이행,단일로,기타단일로,승용차,소형,,,961216  ,1904864 ,127.06329705,37.14168176
2016,2016092523,30,야간,일,1,1,0,0,0,대구,북구,차대사람,횡단중,횡단중,운전자법규위반,안전운전 의무 불이행,단일로,기타단일로,승용차,중형,보행자,보행자,1094753 ,1769124 ,128.55016512,35.91417823
2016,2016092613,17,주간,월,1,2,1,0,0,충남,부여군,차대차,추돌,진행중 추돌,운전자법규위반,안전운전 의무 불이행,단일로,기타단일로,화물차,소형,농기계,농기계,942448  ,1808643 ,126.85922424,36.27334961
2016,2016092805,30,야간,수,1,1,0,0,0,충남,천안시,차대차,추돌,진행중 추돌,운전자법규위반,안전운전 의무 불이행,단일로,기타단일로,승용차,대형,화물차,중형,965506  ,1874009 ,127.11301312,36.86371617
2016,2016120903,37,야간,금,1,1,0,0,0,서울,종로구,차대사람,횡단중,횡단중,운전자법규위반,안전운전 의무 불이행,단일로,기타단일로,건설기계,건설기계,보행자,보행자,953649  ,1953051 ,126.97488209,37.57566926
2016,2016121715,30,주간,토,1,1,0,0,0,전남,여수시,차대사람,횡단중,횡단중,운전자법규위반,보행자 보호의무 위반,교차로,교차로내,화물차,소형,보행자,보행자,1020877 ,1638270 ,127.72799471,34.73883838
2016,2016121417,08,주간,수,1,1,0,0,0,대구,수성구,차대사람,횡단중,횡단중,운전자법규위반,보행자 보호의무 위반,단일로,횡단보도상,승용차,중형,보행자,보행자,1102757 ,1761397 ,128.63786312,35.84371584
2016,2016121717,25,주간,토,1,2,0,0,1,경기,화성시,차대차,정면충돌,정면충돌,운전자법규위반,신호위반,교차로,교차로부근,승용차,중형,승용차,경형,936766  ,1911868 ,126.78741616,37.20347818
2016,2016121922,20,야간,월,1,1,0,0,0,대구,달성군,차대사람,횡단중,횡단중,운전자법규위반,신호위반,단일로,횡단보도상,승용차,경형,보행자,보행자,1086182 ,1763090 ,128.4542007,35.86078217
2016,2016121907,00,주간,월,1,1,0,0,0,경기,안성시,차대차,측면직각충돌,측면직각충돌,운전자법규위반,안전운전 의무 불이행,교차로,교차로내,승용차,대형,자전거,자전거,968260  ,1888421 ,127.1433048,36.99372775
2016,2016121319,00,야간,화,1,1,0,0,0,대구,동구,차대사람,횡단중,횡단중,운전자법규위반,안전운전 의무 불이행,단일로,횡단보도부근,승용차,중형,보행자,보행자,1103135 ,1766911 ,128.64258036,35.89333608
2016,2016121915,10,주간,월,1,1,0,0,0,전북,고창군,차량단독,공작물충돌,공작물충돌,운전자법규위반,안전운전 의무 불이행,단일로,기타단일로,승합차,소형,,,924466  ,1711402 ,126.66823324,35.3954594
2016,2016121406,45,주간,수,1,1,0,0,0,광주,광산구,차대차,측면직각충돌,측면직각충돌,운전자법규위반,중앙선 침범,단일로,기타단일로,화물차,대형,승용차,중형,938615  ,1692996 ,126.82540812,35.2304768
2016,2016121602,21,야간,금,1,1,0,0,0,경북,포항시,차량단독,전도전복,전도전복,운전자법규위반,안전운전 의무 불이행,교차로,교차로내,화물차,소형,,,1168646 ,1781127 ,129.37138015,36.01238707
2016,2016121719,05,야간,토,1,2,1,0,0,경북,성주군,차대차,정면충돌,정면충돌,운전자법규위반,안전운전 의무 불이행,기타/불명,기타/불명,승용차,경형,이륜차,소형,1067341 ,1768697 ,128.24634453,35.91260149
2016,2016100518,30,야간,수,1,1,0,0,0,전북,고창군,차대사람,횡단중,횡단중,운전자법규위반,과속,교차로,교차로부근,승용차,경형,보행자,보행자,927340  ,1721101 ,126.69901266,35.48311839
2016,2016110814,30,주간,화,1,1,0,0,0,경기,연천군,차대차,추돌,진행중 추돌,운전자법규위반,안전운전 의무 불이행,단일로,기타단일로,승용차,소형,승용차,소형,966608  ,2014866 ,127.11897913,38.13336633
2016,2016110815,00,주간,화,1,2,0,1,0,경북,구미시,차대차,측면직각충돌,측면직각충돌,운전자법규위반,안전운전 의무 불이행,단일로,기타단일로,승용차,경형,승용차,경형,1084570 ,1788879 ,128.43942969,36.09319813
2016,2016110600,25,야간,일,1,1,0,0,0,광주,북구,차대사람,횡단중,횡단중,운전자법규위반,안전운전 의무 불이행,단일로,기타단일로,승용차,중형,보행자,보행자,944974  ,1688177 ,126.89560892,35.18739495
2016,2016111017,40,주간,목,1,3,1,1,0,충남,청양군,차대차,정면충돌,정면충돌,운전자법규위반,중앙선 침범,단일로,기타단일로,이륜차,소형,승용차,소형,949880  ,1822426 ,126.94108028,36.39801818
2016,2016111212,00,주간,토,1,1,0,0,0,부산,남구,차량단독,전도전복,전도전복,운전자법규위반,안전운전 의무 불이행,교차로,교차로내,원동기장치자전거,원동기장치자전거,,,1145672 ,1681878 ,129.09867376,35.12155912
2016,2016111418,10,야간,월,1,1,0,0,0,경북,영양군,차대사람,횡단중,횡단중,운전자법규위반,안전운전 의무 불이행,교차로,교차로내,승용차,소형,보행자,보행자,1145103 ,1856503 ,129.12429124,36.69545236
2016,2016111708,25,주간,목,1,1,0,0,0,경북,안동시,차대사람,횡단중,횡단중,운전자법규위반,보행자 보호의무 위반,단일로,기타단일로,화물차,소형,보행자,보행자,1108686 ,1843480 ,128.71488972,36.58294038
2016,2016112119,30,야간,월,1,1,0,0,0,대전,서구,차대차,정면충돌,정면충돌,운전자법규위반,안전운전 의무 불이행,교차로,교차로내,승용차,중형,이륜차,소형,988327  ,1812217 ,127.36997752,36.30721693
2016,2016110415,20,주간,금,1,1,0,0,0,경기,시흥시,차대사람,횡단중,횡단중,운전자법규위반,보행자 보호의무 위반,교차로,교차로내,승용차,중형,보행자,보행자,939431  ,1929772 ,126.81598698,37.3650301
2016,2016110102,18,야간,화,1,1,0,0,0,부산,기장군,차대사람,횡단중,횡단중,운전자법규위반,안전운전 의무 불이행,단일로,기타단일로,승용차,경형,보행자,보행자,1148826 ,1707774 ,129.13796204,35.35450877
2016,2016110312,48,주간,목,1,1,0,0,0,경기,광주시,차대차,추돌,진행중 추돌,운전자법규위반,안전운전 의무 불이행,단일로,기타단일로,승용차,대형,화물차,중형,975396  ,1928447 ,127.22218053,37.35473833
2016,2016103120,40,야간,월,1,1,0,0,0,대구,남구,차대사람,횡단중,횡단중,운전자법규위반,안전운전 의무 불이행,교차로,교차로내,승합차,중형,보행자,보행자,1099165 ,1762693 ,128.59833424,35.85585991
2016,2016110309,50,주간,목,2,2,0,0,0,경북,포항시,차대차,기타,기타,운전자법규위반,안전운전 의무 불이행,단일로,기타단일로,화물차,경형,화물차,대형,1163382 ,1779723 ,129.31270516,36.0006321
2016,2016110218,05,야간,수,1,1,0,0,0,강원,원주시,차대차,기타,기타,운전자법규위반,안전운전 의무 불이행,단일로,기타단일로,승용차,중형,승용차,중형,1034782 ,1913092 ,127.89202502,37.21600596
2016,2016110304,05,야간,목,1,2,0,1,0,경남,진주시,차대사람,횡단중,횡단중,운전자법규위반,안전운전 의무 불이행,단일로,기타단일로,원동기장치자전거,원동기장치자전거,보행자,보행자,1053425 ,1689235 ,128.08687555,35.19702108
2016,2016110220,10,야간,수,1,1,0,0,0,전북,남원시,차대사람,횡단중,횡단중,운전자법규위반,과속,단일로,횡단보도상,승용차,중형,보행자,보행자,989798  ,1712427 ,127.38811075,35.40754134
2016,2016103009,57,주간,일,2,2,0,0,0,서울,영등포구,차대차,정면충돌,정면충돌,운전자법규위반,중앙선 침범,단일로,기타단일로,승용차,중형,화물차,중형,946513  ,1945054 ,126.89485256,37.50320626
2016,2016103104,20,야간,월,1,2,1,0,0,충북,청주시,차대차,추돌,진행중 추돌,운전자법규위반,안전운전 의무 불이행,교차로,교차로부근,승용차,경형,화물차,소형,997151  ,1851857 ,127.46811961,36.6646463
2016,2016121012,50,주간,토,1,3,2,0,0,경기,안산시,차대사람,횡단중,횡단중,운전자법규위반,신호위반,단일로,횡단보도상,승합차,대형,보행자,보행자,941985  ,1924586 ,126.84523381,37.31845031
2016,2016121219,15,야간,월,1,2,0,1,0,경기,광주시,차대차,추돌,진행중 추돌,운전자법규위반,안전운전 의무 불이행,단일로,기타단일로,승용차,중형,승합차,대형,979346  ,1934070 ,127.26662513,37.40551913
2016,2016121218,05,야간,월,1,1,0,0,0,경북,포항시,차량단독,전도전복,전도전복,운전자법규위반,신호위반,단일로,기타단일로,승용차,경형,,,1166936 ,1782448 ,129.35263957,36.0245871
2016,2016121206,31,주간,월,1,1,0,0,0,경북,청도군,차량단독,전도전복,전도전복,운전자법규위반,안전운전 의무 불이행,기타/불명,기타/불명,승용차,경형,,,1128655 ,1747330 ,128.92230853,35.71386591
2016,2016120518,10,야간,월,1,2,1,0,0,강원,원주시,차대사람,길가장자리구역통행중,길가장자리구역통행중,운전자법규위반,안전운전 의무 불이행,단일로,기타단일로,승용차,경형,보행자,보행자,1031416 ,1927009 ,127.85467593,37.34157094
2016,2016120919,15,야간,금,1,2,1,0,0,전북,군산시,차대차,측면직각충돌,측면직각충돌,운전자법규위반,안전운전 의무 불이행,교차로,교차로부근,승용차,경형,화물차,경형,913083  ,1772237 ,126.54197383,35.9438052
2016,2016121606,45,주간,금,1,1,0,0,0,전남,영광군,차대사람,기타,기타,운전자법규위반,안전운전 의무 불이행,단일로,기타단일로,승용차,대형,보행자,보행자,907169  ,1702503 ,126.47879689,35.3137692
2016,2016121620,20,야간,금,1,1,0,0,0,경남,밀양시,차대사람,길가장자리구역통행중,길가장자리구역통행중,운전자법규위반,안전운전 의무 불이행,교차로,교차로부근,화물차,소형,보행자,보행자,1113412 ,1708950 ,128.74845819,35.36976383
2016,2016121613,10,주간,금,1,1,0,0,0,충남,당진시,차대차,추돌,진행중 추돌,운전자법규위반,안전거리 미확보,단일로,기타단일로,화물차,소형,원동기장치자전거,원동기장치자전거,919144  ,1871717 ,126.59316589,36.84022589
2016,2016121717,50,주간,토,1,1,0,0,0,경북,구미시,차대사람,횡단중,횡단중,운전자법규위반,안전운전 의무 불이행,단일로,기타단일로,승용차,경형,보행자,보행자,1089294 ,1795704 ,128.49267278,36.15429858
2016,2016121806,30,주간,일,1,1,0,0,0,전북,전주시,차대차,추돌,진행중 추돌,운전자법규위반,안전운전 의무 불이행,단일로,기타단일로,승용차,소형,건설기계,건설기계,963174  ,1764163 ,127.092054,35.87334936
2016,2016122006,30,주간,화,1,1,0,0,0,경기,이천시,차대사람,기타,기타,운전자법규위반,안전운전 의무 불이행,단일로,기타단일로,승용차,중형,보행자,보행자,1001946 ,1914812 ,127.52193793,37.23215689
2016,2016120514,53,주간,월,1,1,0,0,0,경기,안산시,차대차,기타,기타,운전자법규위반,안전운전 의무 불이행,단일로,기타단일로,특수차,대형,자전거,자전거,942867  ,1920470 ,126.85550426,37.28140581
2016,2016120506,30,주간,월,1,1,0,0,0,경북,문경시,차대사람,횡단중,횡단중,운전자법규위반,안전운전 의무 불이행,단일로,기타단일로,화물차,소형,보행자,보행자,1055425 ,1855188 ,128.11980426,36.69324722
2016,2016121911,38,주간,월,1,1,0,0,0,전남,목포시,차대사람,길가장자리구역통행중,길가장자리구역통행중,운전자법규위반,안전운전 의무 불이행,교차로,교차로내,화물차,소형,보행자,보행자,897171  ,1646743 ,126.37574413,34.81008068
2016,2016121313,30,주간,화,1,1,0,0,0,전남,나주시,차량단독,공작물충돌,공작물충돌,운전자법규위반,안전운전 의무 불이행,단일로,기타단일로,화물차,소형,,,919876  ,1670383 ,126.6216864,35.02527103
2016,2016121619,10,야간,금,1,1,0,0,0,경북,예천군,차대사람,기타,기타,운전자법규위반,안전운전 의무 불이행,단일로,기타단일로,화물차,소형,보행자,보행자,1084065 ,1860891 ,128.44162503,36.74236552
2016,2016121616,30,주간,금,1,2,1,0,0,경기,김포시,차대차,추돌,진행중 추돌,운전자법규위반,안전운전 의무 불이행,단일로,기타단일로,승용차,경형,승용차,중형,920286  ,1966306 ,126.59583578,37.69284506
2016,2016100618,58,야간,목,1,1,0,0,0,제주,서귀포시,차대사람,횡단중,횡단중,운전자법규위반,안전운전 의무 불이행,단일로,기타단일로,승용차,경형,보행자,보행자,944194  ,1495001 ,126.89957668,33.44530133
2016,2016110823,55,야간,화,1,1,0,0,0,서울,노원구,차대차,정면충돌,정면충돌,운전자법규위반,신호위반,교차로,교차로내,이륜차,중형,승용차,중형,962022  ,1961150 ,127.06948018,37.64905282
2016,2016110514,30,주간,토,1,3,0,2,0,서울,영등포구,차대차,추돌,진행중 추돌,운전자법규위반,안전거리 미확보,기타/불명,기타/불명,이륜차,중형,승용차,중형,947162  ,1945307 ,126.90170972,37.50634275
2016,2016110621,40,야간,일,1,1,0,0,0,울산,북구,차대사람,횡단중,횡단중,운전자법규위반,안전운전 의무 불이행,교차로,교차로내,승용차,대형,보행자,보행자,1171989 ,1727455 ,129.39693317,35.5281479
2016,2016110909,58,주간,수,1,1,0,0,0,경남,고성군,차대사람,횡단중,횡단중,운전자법규위반,안전운전 의무 불이행,교차로,교차로내,승용차,경형,보행자,보행자,1075006 ,1664503 ,128.32168557,34.97264701
2016,2016111321,30,야간,일,1,1,0,0,0,울산,동구,차대차,기타,기타,운전자법규위반,직진 및 우회전차의 통행방해,교차로,교차로내,화물차,소형,이륜차,소형,1174357 ,1723582 ,129.4222054,35.49283249
2016,2016111410,25,주간,월,1,1,0,0,0,경북,경주시,차대사람,횡단중,횡단중,운전자법규위반,안전운전 의무 불이행,단일로,기타단일로,화물차,대형,보행자,보행자,1144661 ,1762765 ,129.10198918,35.85075667
2016,2016111919,20,야간,토,1,2,0,1,0,충북,청주시,차대차,정면충돌,정면충돌,운전자법규위반,안전운전 의무 불이행,교차로,교차로내,승용차,경형,이륜차,소형,1000623 ,1845667 ,127.50696636,36.60884763
2016,2016111302,52,야간,일,1,1,0,0,0,세종,세종,차대사람,횡단중,횡단중,운전자법규위반,안전운전 의무 불이행,교차로,교차로부근,화물차,소형,보행자,보행자,981356  ,1843817 ,127.29156902,36.59198777
2016,2016111713,20,주간,목,1,1,0,0,0,부산,사상구,차대차,측면직각충돌,측면직각충돌,운전자법규위반,신호위반,교차로,교차로내,건설기계,건설기계,자전거,자전거,1133319 ,1682371 ,128.96309206,35.12761234
2016,2016111321,34,야간,일,1,1,0,0,0,제주,제주시,차대사람,횡단중,횡단중,운전자법규위반,과속,단일로,기타단일로,승용차,경형,보행자,보행자,915648  ,1500381 ,126.59187201,33.49195861
2016,2016111823,10,야간,금,1,1,0,0,0,경기,연천군,차량단독,전도전복,전도전복,운전자법규위반,안전운전 의무 불이행,단일로,기타단일로,승용차,중형,,,957780  ,2008791 ,127.01860919,38.07824598
2016,2016112219,31,야간,화,1,1,0,0,0,전북,김제시,차대사람,횡단중,횡단중,운전자법규위반,안전운전 의무 불이행,단일로,기타단일로,승용차,중형,보행자,보행자,945612  ,1757114 ,126.89799658,35.80897965
2016,2016112511,50,주간,금,1,1,0,0,0,경남,거제시,차량단독,전도전복,전도전복,운전자법규위반,안전운전 의무 불이행,단일로,기타단일로,이륜차,소형,,,1108029 ,1665813 ,128.68356215,34.98147104
2016,2016112205,40,야간,화,1,1,0,0,0,전남,보성군,차대사람,차도통행중,차도통행중,운전자법규위반,안전운전 의무 불이행,단일로,기타단일로,화물차,소형,보행자,보행자,985534  ,1652386 ,127.34172891,34.86605825
2016,2016112319,50,야간,수,1,1,0,0,0,경기,고양시,차대사람,차도통행중,차도통행중,운전자법규위반,안전운전 의무 불이행,교차로,교차로내,승용차,중형,보행자,보행자,941843  ,1961848 ,126.84068626,37.65428726
2016,2016112315,30,주간,수,1,1,0,0,0,전남,순천시,차량단독,전도전복,전도전복,운전자법규위반,안전운전 의무 불이행,단일로,기타단일로,건설기계,건설기계,,,999036  ,1665205 ,127.48943815,34.98175683
2016,2016112113,20,주간,월,1,1,0,0,0,충북,충주시,차대차,측면직각충돌,측면직각충돌,운전자법규위반,안전운전 의무 불이행,기타/불명,기타/불명,승용차,경형,승용차,중형,1018993 ,1889347 ,127.71346852,37.00241907
2016,2016112110,05,주간,월,1,1,0,0,0,대구,달서구,차대차,측면직각충돌,측면직각충돌,운전자법규위반,부당한 회전,단일로,기타단일로,이륜차,소형,화물차,소형,1089568 ,1761341 ,128.49166835,35.84446408
2016,2016112023,54,야간,일,1,1,0,0,0,제주,서귀포시,차량단독,공작물충돌,공작물충돌,운전자법규위반,중앙선 침범,단일로,기타단일로,승용차,중형,,,935259  ,1480042 ,126.80248024,33.31581617
2016,2016112018,10,야간,일,1,1,0,0,0,전북,순창군,차대사람,횡단중,횡단중,운전자법규위반,보행자 보호의무 위반,단일로,횡단보도상,화물차,소형,보행자,보행자,963739  ,1707991 ,127.1008375,35.36690718
2016,2016110319,00,야간,목,1,1,0,0,0,경북,안동시,차대사람,길가장자리구역통행중,길가장자리구역통행중,운전자법규위반,안전운전 의무 불이행,단일로,기타단일로,화물차,소형,보행자,보행자,1113394 ,1847726 ,128.76813052,36.6206609
2016,2016110100,45,야간,화,1,1,0,0,0,충남,논산시,차대사람,횡단중,횡단중,운전자법규위반,안전운전 의무 불이행,단일로,기타단일로,승용차,경형,보행자,보행자,958796  ,1804052 ,127.04147614,36.2327972
2016,2016103003,23,야간,일,1,2,1,0,0,경북,경주시,차대차,정면충돌,정면충돌,운전자법규위반,안전운전 의무 불이행,단일로,기타단일로,승용차,경형,건설기계,건설기계,1159653 ,1777905 ,129.27098394,35.98486695
2016,2016110119,00,야간,화,1,3,2,0,0,전북,남원시,차대차,추돌,진행중 추돌,운전자법규위반,안전운전 의무 불이행,단일로,기타단일로,승용차,소형,화물차,중형,983014  ,1704858 ,127.31278621,35.33862683
2016,2016103003,00,야간,일,1,1,0,0,0,경기,화성시,차대차,기타,기타,운전자법규위반,안전운전 의무 불이행,단일로,기타단일로,승용차,중형,건설기계,건설기계,938186  ,1912035 ,126.80340322,37.2050786
2016,2016121200,34,야간,월,2,4,2,0,0,서울,동작구,차대차,추돌,진행중 추돌,운전자법규위반,안전운전 의무 불이행,단일로,기타단일로,화물차,중형,승용차,중형,950513  ,1946541 ,126.94000604,37.51683208
2016,2016120916,15,주간,금,1,1,0,0,0,충남,아산시,차대차,측면직각충돌,측면직각충돌,운전자법규위반,안전운전 의무 불이행,단일로,기타단일로,원동기장치자전거,원동기장치자전거,승용차,중형,959639  ,1865826 ,127.04762766,36.78971871
2016,2016120915,08,주간,금,1,4,0,3,0,전남,고흥군,차대차,추돌,진행중 추돌,운전자법규위반,안전운전 의무 불이행,단일로,기타단일로,화물차,소형,화물차,소형,986786  ,1634247 ,127.35571199,34.70250264
2016,2016120621,37,야간,화,1,1,0,0,0,경남,거제시,차대사람,횡단중,횡단중,운전자법규위반,안전운전 의무 불이행,교차로,교차로부근,승합차,소형,보행자,보행자,1100831 ,1655440 ,128.60346124,34.88869259
2016,2016120617,24,주간,화,1,3,0,2,0,강원,평창군,차량단독,공작물충돌,공작물충돌,운전자법규위반,안전운전 의무 불이행,단일로,기타단일로,화물차,소형,,,1095924 ,1961987 ,128.58743178,37.65237024
2016,2016121321,10,야간,화,1,1,0,0,0,경남,창녕군,차대사람,횡단중,횡단중,운전자법규위반,안전운전 의무 불이행,단일로,기타단일로,승용차,중형,보행자,보행자,1090209 ,1727315 ,128.49511105,35.53770058
2016,2016121514,07,주간,목,1,1,0,0,0,경기,부천시,차대차,추돌,진행중 추돌,운전자법규위반,안전운전 의무 불이행,단일로,기타단일로,화물차,소형,승합차,대형,939371  ,1941476 ,126.81434836,37.47051604
2016,2016121807,13,주간,일,1,1,0,0,0,강원,춘천시,차대사람,횡단중,횡단중,운전자법규위반,안전운전 의무 불이행,단일로,기타단일로,승용차,중형,보행자,보행자,1018658 ,1986567 ,127.71216316,37.87873729
2016,2016121304,00,야간,화,1,1,0,0,0,충북,제천시,차대사람,횡단중,횡단중,운전자법규위반,안전운전 의무 불이행,기타/불명,기타/불명,승용차,경형,보행자,보행자,1066270 ,1908411 ,128.24524799,37.17152469
2016,2016121309,41,주간,화,1,1,0,0,0,인천,강화군,차대사람,차도통행중,차도통행중,운전자법규위반,부당한 회전,단일로,기타단일로,화물차,소형,보행자,보행자,905968  ,1959962 ,126.43427401,37.63431693
2016,2016102018,39,야간,목,1,8,0,2,5,서울,중구,차대차,추돌,진행중 추돌,운전자법규위반,안전운전 의무 불이행,단일로,터널안,승용차,경형,승용차,경형,955225  ,1950811 ,126.99306447,37.55555946
2016,2016102223,55,야간,토,1,1,0,0,0,경기,시흥시,차량단독,전도전복,전도전복,운전자법규위반,안전운전 의무 불이행,단일로,기타단일로,원동기장치자전거,원동기장치자전거,,,932475  ,1928526 ,126.73755168,37.35331945
2016,2016102316,35,주간,일,1,1,0,0,0,전남,광양시,차대차,추돌,진행중 추돌,운전자법규위반,안전운전 의무 불이행,단일로,기타단일로,승용차,경형,원동기장치자전거,원동기장치자전거,1010586 ,1668228 ,127.61602148,35.00896158
2016,2016102405,40,야간,월,2,2,0,0,0,경북,안동시,차대사람,횡단중,횡단중,운전자법규위반,보행자 보호의무 위반,단일로,횡단보도부근,승용차,중형,보행자,보행자,1109710 ,1841705 ,128.72608062,36.5668251
2016,2016102518,05,야간,화,1,1,0,0,0,경기,양평군,차대사람,기타,기타,운전자법규위반,안전운전 의무 불이행,단일로,기타단일로,승용차,중형,보행자,보행자,1003210 ,1937098 ,127.53628392,37.43303763
2016,2016102116,35,주간,금,1,1,0,0,0,강원,철원군,차대차,추돌,진행중 추돌,운전자법규위반,안전운전 의무 불이행,단일로,기타단일로,화물차,소형,건설기계,건설기계,982872  ,2020531 ,127.30442241,38.18487806
2016,2016091603,28,야간,금,1,1,0,0,0,경기,과천시,차대사람,기타,기타,운전자법규위반,안전운전 의무 불이행,단일로,기타단일로,승용차,경형,보행자,보행자,955894  ,1936850 ,127.0014756,37.42975656
2016,2016091521,45,야간,목,1,2,0,1,0,경남,거제시,차량단독,전도전복,전도전복,운전자법규위반,안전운전 의무 불이행,교차로,교차로부근,승용차,중형,,,1108716 ,1653428 ,128.6894748,34.86973923
2016,2016092121,00,야간,수,1,1,0,0,0,충북,청주시,차대사람,횡단중,횡단중,운전자법규위반,안전운전 의무 불이행,단일로,기타단일로,승용차,경형,보행자,보행자,996561  ,1849454 ,127.46152828,36.64298142
2016,2016092205,55,야간,목,1,1,0,0,0,경북,영양군,차대사람,횡단중,횡단중,운전자법규위반,안전운전 의무 불이행,단일로,기타단일로,승용차,대형,보행자,보행자,1141769 ,1848245 ,129.08545628,36.62153877
2016,2016092613,45,주간,월,1,1,0,0,0,강원,화천군,차량단독,도로이탈,도로이탈 기타,운전자법규위반,안전운전 의무 불이행,단일로,기타단일로,이륜차,대형,,,1005099 ,2006354 ,127.55812215,38.05725332
2016,2016092304,30,야간,금,1,1,0,0,0,대구,중구,차대사람,횡단중,횡단중,운전자법규위반,안전운전 의무 불이행,단일로,기타단일로,승용차,중형,보행자,보행자,1098629 ,1763766 ,128.59245294,35.86549535
2016,2016092310,10,주간,금,1,1,0,0,0,부산,사하구,차대차,추돌,진행중 추돌,운전자법규위반,안전운전 의무 불이행,단일로,기타단일로,건설기계,건설기계,자전거,자전거,1134269 ,1677929 ,128.97270966,35.08764395
2016,2016092806,10,주간,수,1,1,0,0,0,경기,수원시,차대사람,횡단중,횡단중,운전자법규위반,안전운전 의무 불이행,단일로,횡단보도상,승용차,소형,보행자,보행자,955540  ,1922117 ,126.99835931,37.2969433
2016,2016092419,50,야간,토,1,2,1,0,0,대구,달서구,차대차,기타,기타,운전자법규위반,교차로 통행방법 위반,교차로,교차로내,승용차,중형,이륜차,소형,1091944 ,1757761 ,128.51772643,35.81201218